itemName,itemUrl,specifications,price,imageUrl,rating
Asus ROG Strix G Core i5 9th Gen - (8 GB/1 TB HDD/256 GB SSD/Windows 10 Home/4 GB Graphics/NVIDIA Gefo...,https://www.flipkart.com//asus-rog-strix-g-core-i5-9th-gen-8-gb-1-tb-hdd-256-gb-ssd-windows-10-home-4-graphics-nvidia-geforce-gtx-1650-g531gt-bq024t-gaming-laptop/p/itmfg9yrrazqt7dk?pid=COMFG9YREHZ9VBKH&lid=LSTCOMFG9YREHZ9VBKH8WVPW9&marketplace=FLIPKART&srno=s_1_1&otracker=search&otracker1=search&fm=organic&iid=6939a9ae-b571-4f89-ae96-42186243a119.COMFG9YREHZ9VBKH.SEARCH&ssid=g76m2aglds0000001592381521182&qH=21cb4bef2f76b785,"['60 Hz Refresh Rate- It can display upto 60 frames per second.', 'Intel Core i5 Processor (9th Gen)', '8 GB DDR4 RAM', '64 bit Windows 10 Operating System', '1 TB HDD|256 GB SSD', '39.62 cm (15.6 inch) Display', '1 Year Limited International Hardware Warranty']","₹67,990",https://rukminim1.flixcart.com/image/312/312/k6b2snk0/computer/p/e/d/asus-na-gaming-laptop-original-imafggytk5twybmv.jpeg?q=70,4.6
Asus ROG Strix G Core i7 9th Gen - (16 GB/512 GB SSD/Windows 10 Home/4 GB Graphics/NVIDIA Geforce GTX ...,https://www.flipkart.com//asus-rog-strix-g-core-i7-9th-gen-16-gb-512-gb-ssd-windows-10-home-4-graphics-nvidia-geforce-gtx-1650-g531gt-al018t-gaming-laptop/p/itmfg9yrvckujfmx?pid=COMFG9YRZSSA3CZF&lid=LSTCOMFG9YRZSSA3CZFHOAXNB&marketplace=FLIPKART&spotlightTagId=BestvalueId_search.flipkart.com&srno=s_1_2&otracker=search&otracker1=search&iid=6939a9ae-b571-4f89-ae96-42186243a119.COMFG9YRZSSA3CZF.SEARCH&ppt=sp&ppn=sp&ssid=jm16nh32a80000001592381521428&qH=21cb4bef2f76b785,"['120 Hz Refresh Rate- It can display upto 120 frames per second.', 'Intel Core i7 Processor (9th Gen)', '16 GB DDR4 RAM', '64 bit Windows 10 Operating System', '512 GB SSD', '39.62 cm (15.6 inch) Display', '1 Year Limited International Hardware Warranty']","₹81,990",https://rukminim1.flixcart.com/image/312/312/k6b2snk0/computer/p/e/d/asus-na-gaming-laptop-original-imafggytk5twybmv.jpeg?q=70,4.5
Asus ROG Strix G Core i7 9th Gen - (16 GB/1 TB SSD/Windows 10 Home/4 GB Graphics/NVIDIA Geforce GTX 16...,https://www.flipkart.com//asus-rog-strix-g-core-i7-9th-gen-16-gb-1-tb-ssd-windows-10-home-4-gb-graphics-nvidia-geforce-gtx-1650-g531gt-al150t-gaming-laptop/p/itmfg9yrb6cwx37y?pid=COMFG9YRR3PHDGDC&lid=LSTCOMFG9YRR3PHDGDCRTBTRZ&marketplace=FLIPKART&srno=s_1_3&otracker=search&otracker1=search&fm=organic&iid=6939a9ae-b571-4f89-ae96-42186243a119.COMFG9YRR3PHDGDC.SEARCH&ssid=g76m2aglds0000001592381521182&qH=21cb4bef2f76b785,"['120 Hz Refresh Rate- It can display upto 120 frames per second.', 'Intel Core i7 Processor (9th Gen)', '16 GB DDR4 RAM', '64 bit Windows 10 Operating System', '1 TB SSD', '39.62 cm (15.6 inch) Display', '1 Year Limited International Hardware Warranty']","₹92,990",https://rukminim1.flixcart.com/image/312/312/k6b2snk0/computer/p/e/d/asus-na-gaming-laptop-original-imafggytk5twybmv.jpeg?q=70,4.6
Asus ROG Strix Scar III Core i7 9th Gen - (16 GB/1 TB SSD/Windows 10 Home/6 GB Graphics/NVIDIA Geforce...,https://www.flipkart.com//asus-rog-strix-scar-iii-core-i7-9th-gen-16-gb-1-tb-ssd-windows-10-home-6-gb-graphics-nvidia-geforce-gtx-1660-ti-g531gu-es016t-gaming-laptop/p/itmfgpzm6q6zs4v6?pid=COMFGPZMTQTPD9ZH&lid=LSTCOMFGPZMTQTPD9ZHDGJ3CF&marketplace=FLIPKART&srno=s_1_4&otracker=search&otracker1=search&fm=organic&iid=6939a9ae-b571-4f89-ae96-42186243a119.COMFGPZMTQTPD9ZH.SEARCH&ssid=g76m2aglds0000001592381521182&qH=21cb4bef2f76b785,"['Intel Core i7 Processor (9th Gen)', '16 GB DDR4 RAM', '64 bit Windows 10 Operating System', '1 TB SSD', '39.62 cm (15.6 inch) Display', '1 Year Onsite Warranty']","₹1,19,990",//img1a.flixcart.com/www/linchpin/fk-cp-zion/img/placeholder_9951d0.svg,4.8
Asus ROG Zephyrus G Ryzen 7 Quad Core - (16 GB/512 GB SSD/Windows 10 Home/6 GB Graphics/NVIDIA Geforce...,https://www.flipkart.com//asus-rog-zephyrus-g-ryzen-7-quad-core-16-gb-512-gb-ssd-windows-10-home-6-graphics-nvidia-geforce-gtx-1660-ti-max-q-ga502du-al025t-gaming-laptop/p/itmfhny8fj2utkcq?pid=COMFHNY8WQEKSGJ6&lid=LSTCOMFHNY8WQEKSGJ69Y32SY&marketplace=FLIPKART&srno=s_1_5&otracker=search&otracker1=search&fm=organic&iid=6939a9ae-b571-4f89-ae96-42186243a119.COMFHNY8WQEKSGJ6.SEARCH&ssid=g76m2aglds0000001592381521182&qH=21cb4bef2f76b785,"['120 Hz Refresh Rate- It can display upto 120 frames per second.', 'AMD Ryzen 7 Quad Core Processor', '16 GB DDR4 RAM', '64 bit Windows 10 Operating System', '512 GB SSD', '39.62 cm (15.6 inch) Display', '1 Year Limited International Hardware Warranty']","₹79,990",//img1a.flixcart.com/www/linchpin/fk-cp-zion/img/placeholder_9951d0.svg,4.5
Asus ROG Strix G Core i7 9th Gen - (8 GB/1 TB HDD/256 GB SSD/Windows 10 Home/4 GB Graphics/NVIDIA Gefo...,https://www.flipkart.com//asus-rog-strix-g-core-i7-9th-gen-8-gb-1-tb-hdd-256-gb-ssd-windows-10-home-4-graphics-nvidia-geforce-gtx-1650-g531gt-al030t-gaming-laptop/p/itmfg9yrxqepkhjh?pid=COMFG9YR8TJNXPED&lid=LSTCOMFG9YR8TJNXPEDDDMUPH&marketplace=FLIPKART&srno=s_1_6&otracker=search&otracker1=search&fm=organic&iid=6939a9ae-b571-4f89-ae96-42186243a119.COMFG9YR8TJNXPED.SEARCH&ssid=g76m2aglds0000001592381521182&qH=21cb4bef2f76b785,"['120 Hz Refresh Rate- It can display upto 120 frames per second.', 'Intel Core i7 Processor (9th Gen)', '8 GB DDR4 RAM', '64 bit Windows 10 Operating System', '1 TB HDD|256 GB SSD', '39.62 cm (15.6 inch) Display', '1 Year Limited International Hardware Warranty']","₹81,990",//img1a.flixcart.com/www/linchpin/fk-cp-zion/img/placeholder_9951d0.svg,4.6
Asus ROG Strix G Core i7 9th Gen - (8 GB/512 GB SSD/Windows 10 Home/4 GB Graphics/NVIDIA Geforce GTX 1...,https://www.flipkart.com//asus-rog-strix-g-core-i7-9th-gen-8-gb-512-gb-ssd-windows-10-home-4-graphics-nvidia-geforce-gtx-1650-g531gt-al017t-gaming-laptop/p/itmfg9ysrxunvedc?pid=COMFG9YRVU3HJG58&lid=LSTCOMFG9YRVU3HJG58GRUBQC&marketplace=FLIPKART&srno=s_1_7&otracker=search&otracker1=search&fm=organic&iid=6939a9ae-b571-4f89-ae96-42186243a119.COMFG9YRVU3HJG58.SEARCH&ssid=g76m2aglds0000001592381521182&qH=21cb4bef2f76b785,"['120 Hz Refresh Rate- It can display upto 120 frames per second.', 'Intel Core i7 Processor (9th Gen)', '8 GB DDR4 RAM', '64 bit Windows 10 Operating System', '512 GB SSD', '39.62 cm (15.6 inch) Display', '1 Year Limited International Hardware Warranty']","₹79,990",//img1a.flixcart.com/www/linchpin/fk-cp-zion/img/placeholder_9951d0.svg,4.6
"Asus ROG (Black, 128 GB)",https://www.flipkart.com//asus-rog-black-128-gb/p/itmfb24ekx6ygptv?pid=MOBFB24EEZCFUBRS&lid=LSTMOBFB24EEZCFUBRSQ0BOUF&marketplace=FLIPKART&srno=s_1_8&otracker=search&otracker1=search&fm=organic&iid=6939a9ae-b571-4f89-ae96-42186243a119.MOBFB24EEZCFUBRS.SEARCH&ssid=g76m2aglds0000001592381521182&qH=21cb4bef2f76b785,"['8 GB RAM | 128 GB ROM', '15.24 cm (6 inch) Full HD+ Display', '12MP + 8MP | 8MP Front Camera', '4000 mAh Battery', 'Qualcomm Speed-binned Snapdragon 845 Processor', 'Brand Warranty of 1 Year Available for Mobile and 6 Months for Accessories']","₹69,999",//img1a.flixcart.com/www/linchpin/fk-cp-zion/img/placeholder_9951d0.svg,4.3
Asus Ryzen 5 (3600X) (8 GB RAM/1 TB SSD Capacity/Windows 10 (64-bit)/6 GB Graphics Memory) Gaming Towe...,https://www.flipkart.com//asus-ryzen-5-3600x-8-gb-ram-1-tb-ssd-capacity-windows-10-64-bit-6-graphics-memory-gaming-tower/p/itm369b414b4cc68?pid=CPUFS5WGDFYKETWK&lid=LSTCPUFS5WGDFYKETWKERQNMY&marketplace=FLIPKART&srno=s_1_9&otracker=search&otracker1=search&fm=organic&iid=6939a9ae-b571-4f89-ae96-42186243a119.CPUFS5WGDFYKETWK.SEARCH&ssid=g76m2aglds0000001592381521182&qH=21cb4bef2f76b785,"['Processor Type: AMD 3.8 GHz', '6 GB NVIDIA GeForce GTX 1660 Graphics', 'Hexa Core Gaming Tower', '8 GB DDR4 RAM', 'Hard Disk Capacity: 0 TB', 'SSD Capacity: 1 TB', '3 Years Onsite Warranty']","₹92,990",//img1a.flixcart.com/www/linchpin/fk-cp-zion/img/placeholder_9951d0.svg,
Asus ROG Strix Hero III Core i7 9th Gen - (16 GB/1 TB HDD/256 GB SSD/Windows 10 Home/6 GB Graphics/NVI...,https://www.flipkart.com//asus-rog-strix-hero-iii-core-i7-9th-gen-16-gb-1-tb-hdd-256-gb-ssd-windows-10-home-6-graphics-nvidia-geforce-gtx-1660-ti-g531gu-es133t-gaming-laptop/p/itmfg9yrjnmqeh4f?pid=COMFG9YRWYGHDSGS&lid=LSTCOMFG9YRWYGHDSGSHM8TKX&marketplace=FLIPKART&srno=s_1_10&otracker=search&otracker1=search&fm=organic&iid=6939a9ae-b571-4f89-ae96-42186243a119.COMFG9YRWYGHDSGS.SEARCH&ssid=g76m2aglds0000001592381521182&qH=21cb4bef2f76b785,"['Intel Core i7 Processor (9th Gen)', '16 GB DDR4 RAM', '64 bit Windows 10 Operating System', '1 TB HDD|256 GB SSD', '39.62 cm (15.6 inch) Display', '1 Year Onsite Warranty']","₹1,39,990",//img1a.flixcart.com/www/linchpin/fk-cp-zion/img/placeholder_9951d0.svg,4.8
Asus ROG Strix G Core i5 9th Gen - (8 GB/512 GB SSD/Windows 10 Home/4 GB Graphics/NVIDIA Geforce GTX 1...,https://www.flipkart.com//asus-rog-strix-g-core-i5-9th-gen-8-gb-512-gb-ssd-windows-10-home-4-graphics-nvidia-geforce-gtx-1650-g731gt-h7160t-gaming-laptop/p/itmff95b80a492bf?pid=COMFZRMX9SGUKWKF&lid=LSTCOMFZRMX9SGUKWKFABABG3&marketplace=FLIPKART&srno=s_1_11&otracker=search&otracker1=search&fm=organic&iid=6939a9ae-b571-4f89-ae96-42186243a119.COMFZRMX9SGUKWKF.SEARCH&ssid=g76m2aglds0000001592381521182&qH=21cb4bef2f76b785,"['Intel Core i5 Processor (9th Gen)', '8 GB DDR4 RAM', '64 bit Windows 10 Operating System', '512 GB SSD', '43.94 cm (17.3 inch) Display', '1 Year Onsite Warranty']","₹79,990",//img1a.flixcart.com/www/linchpin/fk-cp-zion/img/placeholder_9951d0.svg,
Asus ROG Core i7 7th Gen - (8 GB/1 TB HDD/Windows 10 Home/4 GB Graphics/NVIDIA Geforce GTX 1050) GL553...,https://www.flipkart.com//asus-rog-core-i7-7th-gen-8-gb-1-tb-hdd-windows-10-home-4-gb-graphics-nvidia-geforce-gtx-1050-gl553vd-fy103t-gaming-laptop/p/itmf3s32x2mnzrvr?pid=COMES3W3QHKAZCQ6&lid=LSTCOMES3W3QHKAZCQ6EMHSLO&marketplace=FLIPKART&srno=s_1_12&otracker=search&otracker1=search&fm=organic&iid=6939a9ae-b571-4f89-ae96-42186243a119.COMES3W3QHKAZCQ6.SEARCH&ssid=g76m2aglds0000001592381521182&qH=21cb4bef2f76b785,"['2.8 GHz with Turbo Boost Upto 3.8 GHz Clock Speed', 'Pre-installed Genuine Windows 10 Operating System (Includes Built-in Security, Free Automated Updates, Latest Features)', 'NVIDIA Geforce GTX 1050 for Desktop Level Performance', 'Full HD LED Backlit Ultra Slim 300-nits Anti-glare Display', 'Intel Core i7 Processor (7th Gen)', '8 GB DDR4 RAM', '64 bit Windows 10 Operating System', '1 TB HDD', '39.62 cm (15.6 inch) Display', '2 Years Onsite Warranty']","₹1,07,990",//img1a.flixcart.com/www/linchpin/fk-cp-zion/img/placeholder_9951d0.svg,4.3
Asus ROG Strix Edition Core i7 7th Gen - (8 GB/1 TB HDD/128 GB SSD/Windows 10 Home/4 GB Graphics/NVIDI...,https://www.flipkart.com//asus-rog-strix-core-i7-7th-gen-8-gb-1-tb-hdd-128-gb-ssd-windows-10-home-4-graphics-nvidia-geforce-gtx-1050-gl503vd-fy254t-gaming-laptop/p/itmf3s32fzfv7gbg?pid=COMEZZBGRQDBNZ9T&lid=LSTCOMEZZBGRQDBNZ9TYPM3RZ&marketplace=FLIPKART&srno=s_1_13&otracker=search&otracker1=search&fm=organic&iid=6939a9ae-b571-4f89-ae96-42186243a119.COMEZZBGRQDBNZ9T.SEARCH&ssid=g76m2aglds0000001592381521182&qH=21cb4bef2f76b785,"['Pre-installed Genuine Windows 10 Operating System (Includes Built-in Security, Free Automated Updates, Latest Features)', 'NVIDIA Geforce GTX 1050 for Desktop Level Performance', '128 GB SSD for Reduced Boot Up Time and in Game Loading', 'Intel Core i7 Processor (7th Gen)', '8 GB DDR4 RAM', '64 bit Windows 10 Operating System', '1 TB HDD|128 GB SSD', '39.62 cm (15.6 inch) Display', '2 Years Onsite Warranty']","₹92,990",//img1a.flixcart.com/www/linchpin/fk-cp-zion/img/placeholder_9951d0.svg,4
Asus ROG Strix Hero II Core i7 8th Gen - (16 GB/1 TB HDD/256 GB SSD/Windows 10 Home/6 GB Graphics/NVID...,https://www.flipkart.com//asus-rog-strix-hero-ii-core-i7-8th-gen-16-gb-1-tb-hdd-256-gb-ssd-windows-10-home-6-graphics-nvidia-geforce-rtx-2060-gl504gv-es034t-gaming-laptop/p/itmfdwk6pxchjss4?pid=COMFDWK6YQFFNAEU&lid=LSTCOMFDWK6YQFFNAEUUEIV0V&marketplace=FLIPKART&srno=s_1_14&otracker=search&otracker1=search&fm=organic&iid=6939a9ae-b571-4f89-ae96-42186243a119.COMFDWK6YQFFNAEU.SEARCH&ssid=g76m2aglds0000001592381521182&qH=21cb4bef2f76b785,"['NVIDIA GeForce RTX 2060', 'Intel Core i7 Processor (8th Gen)', '16 GB DDR4 RAM', '64 bit Windows 10 Operating System', '1 TB HDD|256 GB SSD', '39.62 cm (15.6 inch) Display', '1 Year Onsite Warranty']","₹1,64,990",//img1a.flixcart.com/www/linchpin/fk-cp-zion/img/placeholder_9951d0.svg,4.7
Asus ROG Strix Scar II Core i7 8th Gen - (16 GB/1 TB HDD/512 GB SSD/Windows 10 Home/8 GB Graphics/NVID...,https://www.flipkart.com//asus-rog-strix-scar-ii-core-i7-8th-gen-16-gb-1-tb-hdd-512-gb-ssd-windows-10-home-8-graphics-nvidia-geforce-rtx-2070-gl504gw-es007t-gaming-laptop/p/itmfdwk6mufmgxcg?pid=COMFDWK6QWM4NYWF&lid=LSTCOMFDWK6QWM4NYWFMKQYQU&marketplace=FLIPKART&srno=s_1_15&otracker=search&otracker1=search&fm=organic&iid=6939a9ae-b571-4f89-ae96-42186243a119.COMFDWK6QWM4NYWF.SEARCH&ssid=g76m2aglds0000001592381521182&qH=21cb4bef2f76b785,"['NVIDIA GeForce RTX 2070', 'Intel Core i7 Processor (8th Gen)', '16 GB DDR4 RAM', '64 bit Windows 10 Operating System', '1 TB HDD|512 GB SSD', '39.62 cm (15.6 inch) Display', '1 Year Onsite Warranty']","₹1,79,990",//img1a.flixcart.com/www/linchpin/fk-cp-zion/img/placeholder_9951d0.svg,
Asus ROG Core i7 7th Gen - (8 GB/1 TB HDD/256 GB SSD/Windows 10 Home/6 GB Graphics/NVIDIA Geforce GTX ...,https://www.flipkart.com//asus-rog-core-i7-7th-gen-8-gb-1-tb-hdd-256-gb-ssd-windows-10-home-6-graphics-nvidia-geforce-gtx-1060-gl502vm-fy230t-gaming-laptop/p/itmf3s32q8jjbtse?pid=COMES3WCCQGH4FCV&lid=LSTCOMES3WCCQGH4FCVCU9WLF&marketplace=FLIPKART&srno=s_1_16&otracker=search&otracker1=search&fm=organic&iid=6939a9ae-b571-4f89-ae96-42186243a119.COMES3WCCQGH4FCV.SEARCH&ssid=g76m2aglds0000001592381521182&qH=21cb4bef2f76b785,"['Pre-installed Genuine Windows 10 Operating System (Includes Built-in Security, Free Automated Updates, Latest Features)', 'Intel Core i7 Processor (7th Gen)', '8 GB DDR4 RAM', '64 bit Windows 10 Operating System', '1 TB HDD|256 GB SSD', '39.62 cm (15.6 inch) Display', '1 Year Onsite Warranty']","₹1,46,490",//img1a.flixcart.com/www/linchpin/fk-cp-zion/img/placeholder_9951d0.svg,3
HP 1000 Wired Optical Mouse,https://www.flipkart.com//hp-1000-wired-optical-mouse/p/itmfbpghbhqzjvnt?pid=ACCFBPGHR8HWPHUF&lid=LSTACCFBPGHR8HWPHUFH3NKJR&marketplace=FLIPKART&srno=s_1_17&otracker=search&otracker1=search&fm=organic&iid=6939a9ae-b571-4f89-ae96-42186243a119.ACCFBPGHR8HWPHUF.SEARCH&ssid=g76m2aglds0000001592381521182&qH=21cb4bef2f76b785,"['Wired', 'Interface: USB 3.0, USB 2.0', 'Optical Mouse', '1 Year Limited Warranty (Return to HP/Dealer - Standard Bench Repair and Phone-in Assistance)']",₹349,//img1a.flixcart.com/www/linchpin/fk-cp-zion/img/placeholder_9951d0.svg,4.3
Asus ROG Strix Core i5 9th Gen - (8 GB/512 GB SSD/Windows 10 Home/4 GB Graphics/NVIDIA Geforce GTX 105...,https://www.flipkart.com//asus-rog-strix-core-i5-9th-gen-8-gb-512-gb-ssd-windows-10-home-4-graphics-nvidia-geforce-gtx-1050-g531gd-bq026t-gaming-laptop/p/itmafe4a906fa0b3?pid=COMFGYYRBFFAGUQA&lid=LSTCOMFGYYRBFFAGUQAYHMJXJ&marketplace=FLIPKART&srno=s_1_18&otracker=search&otracker1=search&fm=organic&iid=6939a9ae-b571-4f89-ae96-42186243a119.COMFGYYRBFFAGUQA.SEARCH&ssid=g76m2aglds0000001592381521182&qH=21cb4bef2f76b785,"['Intel Core i5 Processor (9th Gen)', '8 GB DDR4 RAM', '64 bit Windows 10 Operating System', '512 GB SSD', '39.62 cm (15.6 inch) Display', '1 Year Limited International Hardware Warranty']","₹66,990",//img1a.flixcart.com/www/linchpin/fk-cp-zion/img/placeholder_9951d0.svg,4.4
Asus ROG Zephyrus S Core i7 9th Gen - (24 GB/1 TB SSD/Windows 10 Home/8 GB Graphics/NVIDIA Geforce RTX...,https://www.flipkart.com//asus-rog-zephyrus-s-core-i7-9th-gen-24-gb-1-tb-ssd-windows-10-home-8-gb-graphics-nvidia-geforce-rtx-2070-gx531gwr-es024t-gaming-laptop/p/itmfg9ysw2dsgzjm?pid=COMFG9YRDQYBZMN2&lid=LSTCOMFG9YRDQYBZMN2YFGHIZ&marketplace=FLIPKART&srno=s_1_19&otracker=search&otracker1=search&fm=organic&iid=6939a9ae-b571-4f89-ae96-42186243a119.COMFG9YRDQYBZMN2.SEARCH&ssid=g76m2aglds0000001592381521182&qH=21cb4bef2f76b785,"['Intel Core i7 Processor (9th Gen)', '24 GB DDR4 RAM', '64 bit Windows 10 Operating System', '1 TB SSD', '39.62 cm (15.6 inch) Display', '1 Year Onsite Warranty']","₹1,99,999",//img1a.flixcart.com/www/linchpin/fk-cp-zion/img/placeholder_9951d0.svg,
Asus ROG Strix Core i5 8th Gen - (8 GB/1 TB HDD/128 GB SSD/Windows 10 Home/4 GB Graphics/NVIDIA Geforc...,https://www.flipkart.com//asus-rog-strix-core-i5-8th-gen-8-gb-1-tb-hdd-128-gb-ssd-windows-10-home-4-graphics-nvidia-geforce-gtx-1050-ti-gl503ge-en169t-gaming-laptop/p/itmf7hsge6g6reby?pid=COMF7HSGWAHD9EAU&lid=LSTCOMF7HSGWAHD9EAUDIRGMD&marketplace=FLIPKART&srno=s_1_20&otracker=search&otracker1=search&fm=organic&iid=6939a9ae-b571-4f89-ae96-42186243a119.COMF7HSGWAHD9EAU.SEARCH&ssid=g76m2aglds0000001592381521182&qH=21cb4bef2f76b785,"['Intel Core i5 Processor (8th Gen)', '8 GB DDR4 RAM', '64 bit Windows 10 Operating System', '1 TB HDD|128 GB SSD', '39.62 cm (15.6 inch) Display', '1 Year Onsite Warranty']","₹80,990",//img1a.flixcart.com/www/linchpin/fk-cp-zion/img/placeholder_9951d0.svg,4.4
Asus ROG Strix Core i5 8th Gen - (8 GB/1 TB HDD/256 GB SSD/Windows 10 Home/4 GB Graphics/NVIDIA Geforc...,https://www.flipkart.com//asus-rog-strix-core-i5-8th-gen-8-gb-1-tb-hdd-256-gb-ssd-windows-10-home-4-graphics-nvidia-geforce-gtx-1050-ti-gl503ge-en269t-gaming-laptop/p/itmfc5y8jgmq4yzg?pid=COMFC5Y8FXEED6WF&lid=LSTCOMFC5Y8FXEED6WFGRQ5O6&marketplace=FLIPKART&srno=s_1_21&otracker=search&otracker1=search&fm=organic&iid=6939a9ae-b571-4f89-ae96-42186243a119.COMFC5Y8FXEED6WF.SEARCH&ssid=g76m2aglds0000001592381521182&qH=21cb4bef2f76b785,"['Intel Core i5 Processor (8th Gen)', '8 GB DDR4 RAM', '64 bit Windows 10 Operating System', '1 TB HDD|256 GB SSD', '39.62 cm (15.6 inch) Display', '1 Year Onsite Warranty']","₹85,990",//img1a.flixcart.com/www/linchpin/fk-cp-zion/img/placeholder_9951d0.svg,4.5
MSI GL Core i7 7th Gen - (8 GB/1 TB HDD/Windows 10 Home/4 GB Graphics/NVIDIA Geforce GTX 1050) GL62 7R...,https://www.flipkart.com//msi-gl-core-i7-7th-gen-8-gb-1-tb-hdd-windows-10-home-4-gb-graphics-nvidia-geforce-gtx-1050-gl62-7rd-gaming-laptop/p/itmf3s3yhrd4er3m?pid=COMERHTGTGZXNXBZ&lid=LSTCOMERHTGTGZXNXBZKMBPCS&marketplace=FLIPKART&srno=s_1_22&otracker=search&otracker1=search&fm=organic&iid=6939a9ae-b571-4f89-ae96-42186243a119.COMERHTGTGZXNXBZ.SEARCH&ssid=g76m2aglds0000001592381521182&qH=21cb4bef2f76b785,"['2.8 GHz with Turbo Boost Upto 3.8 GHz Clock Speed', 'Pre-installed Genuine Windows 10 Operating System (Includes Built-in Security, Free Automated Updates, Latest Features)', 'NVIDIA Geforce GTX 1050 for Desktop Level Performance', 'Full HD LED Backlit Display', 'Intel Core i7 Processor (7th Gen)', '8 GB DDR4 RAM', '64 bit Windows 10 Operating System', '1 TB HDD', '39.62 cm (15.6 inch) Display', '2 Years Warranty']","₹79,990",//img1a.flixcart.com/www/linchpin/fk-cp-zion/img/placeholder_9951d0.svg,3.5
Asus APWU002 30W 6 A Mobile Charger with Detachable Cable,https://www.flipkart.com//asus-apwu002-30w-6-mobile-charger-detachable-cable/p/itm2e362dddeb666?pid=ACCFMBRF9EFHZHQY&lid=LSTACCFMBRF9EFHZHQYGTHOG4&marketplace=FLIPKART&srno=s_1_23&otracker=search&otracker1=search&fm=organic&iid=6939a9ae-b571-4f89-ae96-42186243a119.ACCFMBRF9EFHZHQY.SEARCH&ssid=g76m2aglds0000001592381521182&qH=21cb4bef2f76b785,"['Wall Charger', 'Suitable For: Mobile', 'Universal Voltage', 'Output Current : 6 A']","₹1,999",//img1a.flixcart.com/www/linchpin/fk-cp-zion/img/placeholder_9951d0.svg,4.7
Dell Inspiron Core i7 7th Gen - (16 GB/1 TB HDD/256 GB SSD/Windows 10 Home/4 GB Graphics/NVIDIA Geforc...,https://www.flipkart.com//dell-inspiron-core-i7-7th-gen-16-gb-1-tb-hdd-256-gb-ssd-windows-10-home-4-graphics-nvidia-geforce-gtx-1050ti-7567-gaming-laptop/p/itmf3s3fh67c7yrw?pid=COMESZYNFRT79VAH&lid=LSTCOMESZYNFRT79VAH45VYTB&marketplace=FLIPKART&srno=s_1_24&otracker=search&otracker1=search&fm=organic&iid=6939a9ae-b571-4f89-ae96-42186243a119.COMESZYNFRT79VAH.SEARCH&ssid=g76m2aglds0000001592381521182&qH=21cb4bef2f76b785,"['Preloaded Microsoft Office Home and Student 2016', 'Pre-installed Genuine Windows 10 Operating System (Includes Built-in Security, Free Automated Updates, Latest Features)', 'Intel Core i7 Processor (7th Gen)', '16 GB DDR4 RAM', '64 bit Windows 10 Operating System', '1 TB HDD|256 GB SSD', '39.62 cm (15.6 inch) Display', '1 Year Premium Support (Onsite)']","₹94,990",//img1a.flixcart.com/www/linchpin/fk-cp-zion/img/placeholder_9951d0.svg,4.4
Rapoo V16 Wired Optical  Gaming Mouse,https://www.flipkart.com//rapoo-v16-wired-optical-gaming-mouse/p/itmf64kxj9yzgjkr?pid=ACCF64KXFHNGFKQH&lid=LSTACCF64KXFHNGFKQHGTXV4O&marketplace=FLIPKART&srno=s_2_25&otracker=search&otracker1=search&fm=organic&iid=8f881064-cca4-4f3b-ab0a-e6152e0e4a28.ACCF64KXFHNGFKQH.SEARCH&ssid=u7dwsid7ps0000001592381523378&qH=21cb4bef2f76b785,"['Wired', 'For Gaming', 'Interface: USB 2.0', 'Optical Mouse', '3 Years Domestic Warranty']",₹799,https://rukminim1.flixcart.com/image/312/312/jiovssw0/mouse/k/q/h/rapoo-v16-original-imaf6fmgqhhyqdkr.jpeg?q=70,4.1
IBALL STYLE 36 Wired Optical  Gaming Mouse,https://www.flipkart.com//iball-style-36-wired-optical-gaming-mouse/p/itmf2seqhpysf6gc?pid=ACCF2S8RJHU2SEDU&lid=LSTACCF2S8RJHU2SEDURF2J0T&marketplace=FLIPKART&srno=s_2_26&otracker=search&otracker1=search&fm=organic&iid=8f881064-cca4-4f3b-ab0a-e6152e0e4a28.ACCF2S8RJHU2SEDU.SEARCH&ssid=u7dwsid7ps0000001592381523378&qH=21cb4bef2f76b785,"['Wired', 'For Gaming', 'Interface: USB 2.0', 'Optical Mouse']",₹268,https://rukminim1.flixcart.com/image/312/312/je09ua80/mouse/e/d/u/iball-style-36-original-imaf2rfwwxgtgjjp.jpeg?q=70,4.3
Gamdias Hermes M2 Wired USB Gaming Keyboard,https://www.flipkart.com//gamdias-hermes-m2-wired-usb-gaming-keyboard/p/itmf6b22vrdn4whx?pid=ACCF6AYZ7FTHSZAS&lid=LSTACCF6AYZ7FTHSZASGXEL6V&marketplace=FLIPKART&srno=s_2_27&otracker=search&otracker1=search&fm=organic&iid=8f881064-cca4-4f3b-ab0a-e6152e0e4a28.ACCF6AYZ7FTHSZAS.SEARCH&ssid=u7dwsid7ps0000001592381523378&qH=21cb4bef2f76b785,"['Size: Standard', 'Interface: Wired USB', 'Multimedia Keys', 'warranty of the product is limited to manufacturing defects only.']","₹6,699",https://rukminim1.flixcart.com/image/312/312/jij61e80/keyboard/gaming-keyboard/z/a/s/gamdias-hermes-m2-original-imaf6ayjnjw2cyzq.jpeg?q=70,
Logitech K 120 Wired USB Desktop Keyboard,https://www.flipkart.com//logitech-k-120-wired-usb-desktop-keyboard/p/itmf7rbpt8vfhv9n?pid=ACCF7P9AHYTTPSWW&lid=LSTACCF7P9AHYTTPSWW6JGXJC&marketplace=FLIPKART&srno=s_2_28&otracker=search&otracker1=search&fm=organic&iid=8f881064-cca4-4f3b-ab0a-e6152e0e4a28.ACCF7P9AHYTTPSWW.SEARCH&ssid=u7dwsid7ps0000001592381523378&qH=21cb4bef2f76b785,"['Size: Standard', 'Interface: Wired USB', 'Manufacturer Replace']",₹795,https://rukminim1.flixcart.com/image/312/312/jkebqfk0/keyboard/desktop-keyboard/s/w/w/logitech-k-120-original-imaf7p96hwh7qhh7.jpeg?q=70,4.4
Flipkart SmartBuy Back Cover for Asus ROG Phone 2,https://www.flipkart.com//flipkart-smartbuy-back-cover-asus-rog-phone-2/p/itm111ba531ea074?pid=ACCFH6J65DDS7BUK&lid=LSTACCFH6J65DDS7BUKIMKDFS&marketplace=FLIPKART&srno=s_2_29&otracker=search&otracker1=search&fm=organic&iid=8f881064-cca4-4f3b-ab0a-e6152e0e4a28.ACCFH6J65DDS7BUK.SEARCH&ssid=u7dwsid7ps0000001592381523378&qH=21cb4bef2f76b785,"['Suitable For: Mobile', 'Material: Rubber, Silicon', 'Theme: No Theme', 'Type: Back Cover']",₹179,//img1a.flixcart.com/www/linchpin/fk-cp-zion/img/placeholder_9951d0.svg,4.3
Asus ROG Strix G Core i7 9th Gen - (8 GB/1 TB HDD/256 GB SSD/Windows 10 Home/4 GB Graphics/NVIDIA Gefo...,https://www.flipkart.com//asus-rog-strix-g-core-i7-9th-gen-8-gb-1-tb-hdd-256-gb-ssd-windows-10-home-4-graphics-nvidia-geforce-gtx-1650-g531gt-al030t-gaming-laptop/p/itmfg9yrxqepkhjh?pid=COMFG9YR8TJNXPED&lid=LSTCOMFG9YR8TJNXPEDDDMUPH&marketplace=FLIPKART&srno=s_2_30&otracker=search&otracker1=search&fm=organic&iid=en_fovoabWNAI%2F4%2BZXrUTCjdfiAUtvk4jUDNVbGoL9pOOLMY6ANUoFZCfy3H8oZGSsbq9SQXfxlUeNFVumztTKJhA%3D%3D&ssid=u7dwsid7ps0000001592381523378&qH=21cb4bef2f76b785,"['120 Hz Refresh Rate- It can display upto 120 frames per second.', 'Intel Core i7 Processor (9th Gen)', '8 GB DDR4 RAM', '64 bit Windows 10 Operating System', '1 TB HDD|256 GB SSD', '39.62 cm (15.6 inch) Display', '1 Year Limited International Hardware Warranty']","₹81,990",//img1a.flixcart.com/www/linchpin/fk-cp-zion/img/placeholder_9951d0.svg,4.6
MSI GK-701 with Cherry MX SPEED RGB Silver Switches and RGB Backlights Wired USB Gaming Keyboard,https://www.flipkart.com//msi-gk-701-cherry-mx-speed-rgb-silver-switches-backlights-wired-usb-gaming-keyboard/p/itmezt3ghzznpxhg?pid=ACCEZPGEDYHHDUNG&lid=LSTACCEZPGEDYHHDUNGEMLGTL&marketplace=FLIPKART&srno=s_2_31&otracker=search&otracker1=search&fm=organic&iid=8f881064-cca4-4f3b-ab0a-e6152e0e4a28.ACCEZPGEDYHHDUNG.SEARCH&ssid=u7dwsid7ps0000001592381523378&qH=21cb4bef2f76b785,"['For Computers and Laptops', 'Case Material: Plastic', 'Size: Standard', 'Interface: Wired USB', 'Multimedia Keys', '1 Year Warranty against Manufacturing Defect']","₹10,899",//img1a.flixcart.com/www/linchpin/fk-cp-zion/img/placeholder_9951d0.svg,
Razer Cynosa Chroma Multi-color Membrane Gaming Wired USB Gaming Keyboard,https://www.flipkart.com//razer-cynosa-chroma-multi-color-membrane-gaming-wired-usb-keyboard/p/itmfdahkhak6gzsz?pid=ACCFDAHKGR3PGMKT&lid=LSTACCFDAHKGR3PGMKTDBRNVO&marketplace=FLIPKART&srno=s_2_32&otracker=search&otracker1=search&fm=organic&iid=8f881064-cca4-4f3b-ab0a-e6152e0e4a28.ACCFDAHKGR3PGMKT.SEARCH&ssid=u7dwsid7ps0000001592381523378&qH=21cb4bef2f76b785,"['For Compatible with Xbox One for basic inpu', 'Size: Standard', 'Interface: Wired USB', '1 year warranty provided by the manufacturer from date of purchase']","₹4,999",//img1a.flixcart.com/www/linchpin/fk-cp-zion/img/placeholder_9951d0.svg,
Zebronics Zeb-K20 Wired USB Desktop Keyboard,https://www.flipkart.com//zebronics-zeb-k20-wired-usb-desktop-keyboard/p/itmfdkc4x6by3hte?pid=ACCFDK469A9W96HJ&lid=LSTACCFDK469A9W96HJQJD0P9&marketplace=FLIPKART&srno=s_2_33&otracker=search&otracker1=search&fm=organic&iid=8f881064-cca4-4f3b-ab0a-e6152e0e4a28.ACCFDK469A9W96HJ.SEARCH&ssid=u7dwsid7ps0000001592381523378&qH=21cb4bef2f76b785,"['Size: Standard', 'Interface: Wired USB', '1 year carry-in to service centre']",₹349,//img1a.flixcart.com/www/linchpin/fk-cp-zion/img/placeholder_9951d0.svg,4.2
Asus ROG Strix G Core i5 9th Gen - (8 GB/1 TB HDD/256 GB SSD/Windows 10 Home/4 GB Graphics/NVIDIA Gefo...,https://www.flipkart.com//asus-rog-strix-g-core-i5-9th-gen-8-gb-1-tb-hdd-256-gb-ssd-windows-10-home-4-graphics-nvidia-geforce-gtx-1650-g531gt-bq024t-gaming-laptop/p/itmfg9yrrazqt7dk?pid=COMFG9YREHZ9VBKH&lid=LSTCOMFG9YREHZ9VBKH8WVPW9&marketplace=FLIPKART&srno=s_2_34&otracker=search&otracker1=search&fm=organic&iid=en_fovoabWNAI%2F4%2BZXrUTCjdfiAUtvk4jUDNVbGoL9pOOJ5hZNki8hg64eWqj6ZHwm1iH5A3YlnzlLNRCncD6MHFg%3D%3D&ssid=u7dwsid7ps0000001592381523378&qH=21cb4bef2f76b785,"['60 Hz Refresh Rate- It can display upto 60 frames per second.', 'Intel Core i5 Processor (9th Gen)', '8 GB DDR4 RAM', '64 bit Windows 10 Operating System', '1 TB HDD|256 GB SSD', '39.62 cm (15.6 inch) Display', '1 Year Limited International Hardware Warranty']","₹67,990",//img1a.flixcart.com/www/linchpin/fk-cp-zion/img/placeholder_9951d0.svg,4.6
GADGETS WRAP Black Tron Light Effect Gaming Mouse Max 3200DPI with LED Support Wired Optical  Gaming M...,https://www.flipkart.com//gadgets-wrap-black-tron-light-effect-gaming-mouse-max-3200dpi-led-support-wired-optical/p/itmfcsyb8mcbr9cs?pid=ACCFCSHST4JZNDZ3&lid=LSTACCFCSHST4JZNDZ3E6C7LD&marketplace=FLIPKART&srno=s_2_35&otracker=search&otracker1=search&fm=organic&iid=8f881064-cca4-4f3b-ab0a-e6152e0e4a28.ACCFCSHST4JZNDZ3.SEARCH&ssid=u7dwsid7ps0000001592381523378&qH=21cb4bef2f76b785,"['Wired', 'For Gaming', 'Interface: USB 3.0, USB 2.0', 'Optical Mouse']",₹492,//img1a.flixcart.com/www/linchpin/fk-cp-zion/img/placeholder_9951d0.svg,
Rapoo N100 Wired Optical Mouse,https://www.flipkart.com//rapoo-n100-wired-optical-mouse/p/itmfc9h7ekyf8zhy?pid=ACCFC9H7AH9TF34T&lid=LSTACCFC9H7AH9TF34TMSFM6C&marketplace=FLIPKART&srno=s_2_36&otracker=search&otracker1=search&fm=organic&iid=8f881064-cca4-4f3b-ab0a-e6152e0e4a28.ACCFC9H7AH9TF34T.SEARCH&ssid=u7dwsid7ps0000001592381523378&qH=21cb4bef2f76b785,"['Wired', 'Interface: USB 3.0, USB 2.0', 'Optical Mouse', '3 Years Domestic Warranty']",₹249,//img1a.flixcart.com/www/linchpin/fk-cp-zion/img/placeholder_9951d0.svg,4.2
Razer BlackWidow Chroma V2 - Mechanical with Yellow Switch Wired USB Gaming Keyboard,https://www.flipkart.com//razer-blackwidow-chroma-v2-mechanical-yellow-switch-wired-usb-gaming-keyboard/p/itmev7m3zhnztc6y?pid=ACCEV7M3M7WKWHGY&lid=LSTACCEV7M3M7WKWHGY448QYB&marketplace=FLIPKART&srno=s_2_37&otracker=search&otracker1=search&fm=organic&iid=8f881064-cca4-4f3b-ab0a-e6152e0e4a28.ACCEV7M3M7WKWHGY.SEARCH&ssid=u7dwsid7ps0000001592381523378&qH=21cb4bef2f76b785,"['Size: Standard', 'Interface: Wired USB', '1 Year Domestic Warranty']","₹14,999",//img1a.flixcart.com/www/linchpin/fk-cp-zion/img/placeholder_9951d0.svg,5
Flipkart SmartBuy Back Cover for Asus Rog Phone 2,https://www.flipkart.com//flipkart-smartbuy-back-cover-asus-rog-phone-2/p/itma678ee45038bc?pid=ACCFM65WHHP2HJHV&lid=LSTACCFM65WHHP2HJHVQ8TCNB&marketplace=FLIPKART&srno=s_2_38&otracker=search&otracker1=search&fm=organic&iid=8f881064-cca4-4f3b-ab0a-e6152e0e4a28.ACCFM65WHHP2HJHV.SEARCH&ssid=u7dwsid7ps0000001592381523378&qH=21cb4bef2f76b785,"['Suitable For: Mobile', 'Material: Rubber, Silicon', 'Theme: No Theme', 'Type: Back Cover']",₹179,//img1a.flixcart.com/www/linchpin/fk-cp-zion/img/placeholder_9951d0.svg,3.9
Laurels Men Casual Beige Genuine Leather Wallet,https://www.flipkart.com//laurels-men-casual-beige-genuine-leather-wallet/p/itmf3zdwbwvyqwfu?pid=WCWEUKVVQWNBNHES&lid=LSTWCWEUKVVQWNBNHESMQ1JHM&marketplace=FLIPKART&srno=s_2_39&otracker=search&otracker1=search&fm=organic&iid=8f881064-cca4-4f3b-ab0a-e6152e0e4a28.WCWEUKVVQWNBNHES.SEARCH&ssid=u7dwsid7ps0000001592381523378&qH=21cb4bef2f76b785,"['Color: Beige', 'Card Slots: 5', 'Wallet Type: Wallet', 'Dimensions: 3 mm x 11 mm', '37 MONTHS WARRANTY']",₹299,//img1a.flixcart.com/www/linchpin/fk-cp-zion/img/placeholder_9951d0.svg,3.9
Asus ROG Strix G Core i7 9th Gen - (16 GB/512 GB SSD/Windows 10 Home/4 GB Graphics/NVIDIA Geforce GTX ...,https://www.flipkart.com//asus-rog-strix-g-core-i7-9th-gen-16-gb-512-gb-ssd-windows-10-home-4-graphics-nvidia-geforce-gtx-1650-g531gt-al018t-gaming-laptop/p/itmfg9yrvckujfmx?pid=COMFG9YRZSSA3CZF&lid=LSTCOMFG9YRZSSA3CZFHOAXNB&marketplace=FLIPKART&srno=s_2_40&otracker=search&otracker1=search&fm=organic&iid=en_fovoabWNAI%2F4%2BZXrUTCjdfiAUtvk4jUDNVbGoL9pOOKEnKUKzXnYr2%2Bm%2FH%2Bmp55DqHWueFDn385ImRdD3YD1rg%3D%3D&ssid=u7dwsid7ps0000001592381523378&qH=21cb4bef2f76b785,"['120 Hz Refresh Rate- It can display upto 120 frames per second.', 'Intel Core i7 Processor (9th Gen)', '16 GB DDR4 RAM', '64 bit Windows 10 Operating System', '512 GB SSD', '39.62 cm (15.6 inch) Display', '1 Year Limited International Hardware Warranty']","₹81,990",//img1a.flixcart.com/www/linchpin/fk-cp-zion/img/placeholder_9951d0.svg,4.5
Paal Le Ik Rog Nadaan,https://www.flipkart.com//paal-le-ik-rog-nadaan/p/itmf3hh7mdm456zx?pid=9789384419608&lid=LSTBOK9789384419608NZP4I9&marketplace=FLIPKART&srno=s_2_41&otracker=search&otracker1=search&fm=organic&iid=8f881064-cca4-4f3b-ab0a-e6152e0e4a28.9789384419608.SEARCH&ssid=u7dwsid7ps0000001592381523378&qH=21cb4bef2f76b785,"['Language: Hindi', 'Binding: Paperback', 'Publisher: Hind Yugm', 'Genre: Poetry', 'ISBN: 9789384419608, 9789384419608', 'Pages: 112']",₹100,//img1a.flixcart.com/www/linchpin/fk-cp-zion/img/placeholder_9951d0.svg,4.3
JAIPUR VASTRA Women Printed Anarkali Kurta,https://www.flipkart.com//jaipur-vastra-women-printed-anarkali-kurta/p/itm61779abdaa4c5?pid=KTAFN5T7B4HU9EAX&lid=LSTKTAFN5T7B4HU9EAXBPG443&marketplace=FLIPKART&srno=s_2_42&otracker=search&otracker1=search&fm=organic&iid=8f881064-cca4-4f3b-ab0a-e6152e0e4a28.KTAFN5T7B4HU9EAX.SEARCH&ssid=u7dwsid7ps0000001592381523378&qH=21cb4bef2f76b785,"['Fabric: Viscose', 'Occasion: Festive & Party', 'Pattern: Printed', 'Color: Multicolor', 'Sleeve Length: 3/4 Sleeve', 'Style: Anarkali']",₹699,//img1a.flixcart.com/www/linchpin/fk-cp-zion/img/placeholder_9951d0.svg,3.5
Razer BlackWidow Tournament Edition Chroma V2 Mechanical Yellow Switch Wired USB Gaming Keyboard,https://www.flipkart.com//razer-blackwidow-tournament-chroma-v2-mechanical-yellow-switch-wired-usb-gaming-keyboard/p/itmf2ghsfamwvqy4?pid=ACCFFNEGHCR5ZEHG&lid=LSTACCFFNEGHCR5ZEHG4AYX2C&marketplace=FLIPKART&srno=s_2_43&otracker=search&otracker1=search&fm=organic&iid=8f881064-cca4-4f3b-ab0a-e6152e0e4a28.ACCFFNEGHCR5ZEHG.SEARCH&ssid=u7dwsid7ps0000001592381523378&qH=21cb4bef2f76b785,"['Size: Standard', 'Interface: Wired USB', '2 year limited warranty']","₹9,399",//img1a.flixcart.com/www/linchpin/fk-cp-zion/img/placeholder_9951d0.svg,4.6
Asus ROG Strix G Core i7 9th Gen - (8 GB/512 GB SSD/Windows 10 Home/4 GB Graphics/NVIDIA Geforce GTX 1...,https://www.flipkart.com//asus-rog-strix-g-core-i7-9th-gen-8-gb-512-gb-ssd-windows-10-home-4-graphics-nvidia-geforce-gtx-1650-g531gt-al017t-gaming-laptop/p/itmfg9ysrxunvedc?pid=COMFG9YRVU3HJG58&lid=LSTCOMFG9YRVU3HJG58GRUBQC&marketplace=FLIPKART&srno=s_2_44&otracker=search&otracker1=search&fm=organic&iid=en_fovoabWNAI%2F4%2BZXrUTCjdfiAUtvk4jUDNVbGoL9pOOItlTTIvAyaGq5rWfijsqWjMWYdhowGqQcisoPPk%2FUunQ%3D%3D&ssid=u7dwsid7ps0000001592381523378&qH=21cb4bef2f76b785,"['120 Hz Refresh Rate- It can display upto 120 frames per second.', 'Intel Core i7 Processor (9th Gen)', '8 GB DDR4 RAM', '64 bit Windows 10 Operating System', '512 GB SSD', '39.62 cm (15.6 inch) Display', '1 Year Limited International Hardware Warranty']","₹79,990",//img1a.flixcart.com/www/linchpin/fk-cp-zion/img/placeholder_9951d0.svg,4.6
Razer Overwatch Blackwidow Chroma Wired USB Gaming Keyboard,https://www.flipkart.com//razer-overwatch-blackwidow-chroma-wired-usb-gaming-keyboard/p/itmeksfqaypyy2e2?pid=ACCEKSFQ22ZCNERW&lid=LSTACCEKSFQ22ZCNERWQQ17RF&marketplace=FLIPKART&srno=s_2_45&otracker=search&otracker1=search&fm=organic&iid=8f881064-cca4-4f3b-ab0a-e6152e0e4a28.ACCEKSFQ22ZCNERW.SEARCH&ssid=u7dwsid7ps0000001592381523378&qH=21cb4bef2f76b785,"['Interface: Wired USB', '1 Year Domestic Warranty']","₹10,099",//img1a.flixcart.com/www/linchpin/fk-cp-zion/img/placeholder_9951d0.svg,
House Of Sensation K36 Led Backlit Usb Gaming Keyboard + Optical Pc Mouse Sets Wired Usb Wired USB Gam...,https://www.flipkart.com//house-sensation-k36-led-backlit-usb-gaming-keyboard-optical-pc-mouse-sets-wired/p/itmf7xws9srtwdhd?pid=ACCF7XGYKQP5DHEB&lid=LSTACCF7XGYKQP5DHEBURT6UJ&marketplace=FLIPKART&srno=s_2_46&otracker=search&otracker1=search&fm=organic&iid=8f881064-cca4-4f3b-ab0a-e6152e0e4a28.ACCF7XGYKQP5DHEB.SEARCH&ssid=u7dwsid7ps0000001592381523378&qH=21cb4bef2f76b785,"['Size: Standard', 'Interface: Wired USB', '30 Days']","₹1,898",//img1a.flixcart.com/www/linchpin/fk-cp-zion/img/placeholder_9951d0.svg,
Rosaline Back Cover for Asus Rog Phone 2,https://www.flipkart.com//rosaline-back-cover-asus-rog-phone-2/p/itm800362478df4e?pid=ACCFM65Z4VMFYSSG&lid=LSTACCFM65Z4VMFYSSGUKOXGM&marketplace=FLIPKART&srno=s_2_47&otracker=search&otracker1=search&fm=organic&iid=8f881064-cca4-4f3b-ab0a-e6152e0e4a28.ACCFM65Z4VMFYSSG.SEARCH&ssid=u7dwsid7ps0000001592381523378&qH=21cb4bef2f76b785,"['Suitable For: Mobile', 'Material: Rubber, Silicon', 'Theme: No Theme', 'Type: Back Cover']",₹179,//img1a.flixcart.com/www/linchpin/fk-cp-zion/img/placeholder_9951d0.svg,4.4
Zouk Flip Cover for Asus ROG Phone 2 ZS660KL,https://www.flipkart.com//zouk-flip-cover-asus-rog-phone-2-zs660kl/p/itm23c96a228d791?pid=ACCFNT6WM3BXEWAQ&lid=LSTACCFNT6WM3BXEWAQQUT0XW&marketplace=FLIPKART&srno=s_2_48&otracker=search&otracker1=search&fm=organic&iid=8f881064-cca4-4f3b-ab0a-e6152e0e4a28.ACCFNT6WM3BXEWAQ.SEARCH&ssid=u7dwsid7ps0000001592381523378&qH=21cb4bef2f76b785,"['Suitable For: Mobile', 'Material: Leather', 'Theme: No Theme', 'Type: Flip Cover', ""As Per Flipkart's Replacement / Return / Refund Policy""]",₹699,//img1a.flixcart.com/www/linchpin/fk-cp-zion/img/placeholder_9951d0.svg,
Armaggeddon RGB-EAGLE-MKA-13R Wired USB Desktop Keyboard,https://www.flipkart.com//armaggeddon-rgb-eagle-mka-13r-wired-usb-desktop-keyboard/p/itmeb199cc508017?pid=ACCFBB8CV3YQYCGY&lid=LSTACCFBB8CV3YQYCGYAD0M48&marketplace=FLIPKART&srno=s_3_49&otracker=search&otracker1=search&fm=organic&iid=ec685889-8dd4-43ac-9aff-e92881a2e859.ACCFBB8CV3YQYCGY.SEARCH&ssid=c3zvnytpcg0000001592381525625&qH=21cb4bef2f76b785,"['Case Material: Plastic', 'Size: Standard', 'Interface: Wired USB', '2 Years Warranty']","₹5,599",https://rukminim1.flixcart.com/image/312/312/jpvihzk0/keyboard/desktop-keyboard/c/g/y/armaggeddon-rgb-eagle-mka-13r-black-original-imafbbkyd9daxmxz.jpeg?q=70,
Asus ROG Strix G Core i7 9th Gen - (8 GB/1 TB HDD/256 GB SSD/Windows 10 Home/4 GB Graphics/NVIDIA Gefo...,https://www.flipkart.com//asus-rog-strix-g-core-i7-9th-gen-8-gb-1-tb-hdd-256-gb-ssd-windows-10-home-4-graphics-nvidia-geforce-gtx-1650-g531gt-al030t-gaming-laptop/p/itmfg9yrxqepkhjh?pid=COMFG9YR8TJNXPED&lid=LSTCOMFG9YR8TJNXPEDDDMUPH&marketplace=FLIPKART&srno=s_3_50&otracker=search&otracker1=search&fm=organic&iid=en_cMznqADbcdG67Sg7KI98MSKaMLu9L%2FBtpPxDnqHlBGiIhmMcIbY9v700WpJ6at3Mq9SQXfxlUeNFVumztTKJhA%3D%3D&ssid=c3zvnytpcg0000001592381525625&qH=21cb4bef2f76b785,"['120 Hz Refresh Rate- It can display upto 120 frames per second.', 'Intel Core i7 Processor (9th Gen)', '8 GB DDR4 RAM', '64 bit Windows 10 Operating System', '1 TB HDD|256 GB SSD', '39.62 cm (15.6 inch) Display', '1 Year Limited International Hardware Warranty']","₹81,990",https://rukminim1.flixcart.com/image/312/312/k6b2snk0/computer/p/e/d/asus-na-gaming-laptop-original-imafggytk5twybmv.jpeg?q=70,4.6
"Saco Silicone Rubber Chiclet Protector Cover Fit for Asus A555LF, A555LA, A555LD, A553SA , A553MA , A5...",https://www.flipkart.com//saco-silicone-rubber-chiclet-protector-cover-fit-asus-a555lf-a555la-a555ld-a553sa-a553ma-a540la-a540sa-f554ma-f556ua-e502ma-gl502vt-g501vw-k555lb-k555lj-r556la-x550za-x551ma-x552cl-x552wa-x555ya-x555da-x555vb-r558uf-r558ur-r510jx-rog-series-ux501vw-15-6-inch-black-clear-keyboard-skin/p/itmeqsgcnkhbrhvs?pid=KSNEQSGC3ZHYTSBW&lid=LSTKSNEQSGC3ZHYTSBWXZAU7W&marketplace=FLIPKART&srno=s_3_51&otracker=search&otracker1=search&fm=organic&iid=ec685889-8dd4-43ac-9aff-e92881a2e859.KSNEQSGC3ZHYTSBW.SEARCH&ssid=c3zvnytpcg0000001592381525625&qH=21cb4bef2f76b785,"['Asus A555LF, A555LA, A555LD, A553SA , A553MA , A540LA , A540SA , F554MA , F556UA, E502MA, GL502VT , G501VW , K555LB, K555LJ, R556LA , X550ZA , X551MA , X552CL , X552WA , X555YA, X555DA , X555VB , R558UF, R558UR, R510JX, (Rog Series) UX501VW , 15.6-inch (Black-Clear) –', 'Laptop', 'Silicone', 'Removable', 'Easy Removable', 'Replacement for mfd defect before application']",₹373,https://rukminim1.flixcart.com/image/312/312/jw5a2kw0/keyboard-skin/y/m/e/laptop-chiclet-keyboard-skin-for-acer-aspire-laptops-saco-original-imafftceqv5mdg46.jpeg?q=70,4.2
"Sprig Tempered Glass Guard for Asus ROG 2, Asus ROG Phone II",https://www.flipkart.com//sprig-tempered-glass-guard-asus-rog-2-phone-ii/p/itm41075c1f153e5?pid=ACCFNFHWD6S4GFQG&lid=LSTACCFNFHWD6S4GFQGCUKOUB&marketplace=FLIPKART&srno=s_3_52&otracker=search&otracker1=search&fm=organic&iid=ec685889-8dd4-43ac-9aff-e92881a2e859.ACCFNFHWD6S4GFQG.SEARCH&ssid=c3zvnytpcg0000001592381525625&qH=21cb4bef2f76b785,"['Scratch Resistant, Anti Glare, 3D Screen Guard, Anti Fingerprint', 'Mobile', 'Tempered Glass', 'Removable', '30 days free replacement warranty support, subject to below kindly refer to our website http://sprig.store/pages/warranty']",₹499,//img1a.flixcart.com/www/linchpin/fk-cp-zion/img/placeholder_9951d0.svg,3.9
spincart Rainbow 999 Wired USB Gaming Keyboard,https://www.flipkart.com//spincart-rainbow-999-wired-usb-gaming-keyboard/p/itmf87xk93day8ep?pid=ACCF86UTWZPP7RK7&lid=LSTACCF86UTWZPP7RK7SLWZBI&marketplace=FLIPKART&srno=s_3_53&otracker=search&otracker1=search&fm=organic&iid=ec685889-8dd4-43ac-9aff-e92881a2e859.ACCF86UTWZPP7RK7.SEARCH&ssid=c3zvnytpcg0000001592381525625&qH=21cb4bef2f76b785,"['For Desktop, Laptop', 'Case Material: Plastic', 'Size: Standard', 'Interface: Wired USB', 'Multimedia Keys', '6 months']",₹799,//img1a.flixcart.com/www/linchpin/fk-cp-zion/img/placeholder_9951d0.svg,4.1
Asus ROG Strix G Core i5 9th Gen - (8 GB/1 TB HDD/256 GB SSD/Windows 10 Home/4 GB Graphics/NVIDIA Gefo...,https://www.flipkart.com//asus-rog-strix-g-core-i5-9th-gen-8-gb-1-tb-hdd-256-gb-ssd-windows-10-home-4-graphics-nvidia-geforce-gtx-1650-g531gt-bq024t-gaming-laptop/p/itmfg9yrrazqt7dk?pid=COMFG9YREHZ9VBKH&lid=LSTCOMFG9YREHZ9VBKH8WVPW9&marketplace=FLIPKART&srno=s_3_54&otracker=search&otracker1=search&fm=organic&iid=en_cMznqADbcdG67Sg7KI98MSKaMLu9L%2FBtpPxDnqHlBGj29cpMUgbSpZheif9%2FCcrNiH5A3YlnzlLNRCncD6MHFg%3D%3D&ssid=c3zvnytpcg0000001592381525625&qH=21cb4bef2f76b785,"['60 Hz Refresh Rate- It can display upto 60 frames per second.', 'Intel Core i5 Processor (9th Gen)', '8 GB DDR4 RAM', '64 bit Windows 10 Operating System', '1 TB HDD|256 GB SSD', '39.62 cm (15.6 inch) Display', '1 Year Limited International Hardware Warranty']","₹67,990",//img1a.flixcart.com/www/linchpin/fk-cp-zion/img/placeholder_9951d0.svg,4.6
TECHON BWM-024 Wireless Optical Mouse,https://www.flipkart.com//techon-bwm-024-wireless-optical-mouse/p/itmfae3nrtfrfquf?pid=ACCFAEF5KVKBXTVH&lid=LSTACCFAEF5KVKBXTVHAPN0A5&marketplace=FLIPKART&srno=s_3_55&otracker=search&otracker1=search&fm=organic&iid=ec685889-8dd4-43ac-9aff-e92881a2e859.ACCFAEF5KVKBXTVH.SEARCH&ssid=c3zvnytpcg0000001592381525625&qH=21cb4bef2f76b785,"['Wireless', 'Interface: USB 2.0', 'Optical Mouse', '1 Year Manufacturer Warranty']",₹329,//img1a.flixcart.com/www/linchpin/fk-cp-zion/img/placeholder_9951d0.svg,3.7
Dg Ming Wallet Case Cover for Asus ROG Phone ZS600KL,https://www.flipkart.com//dg-ming-wallet-case-cover-asus-rog-phone-zs600kl/p/itmf82882c7a259c?pid=ACCFNT7HYUUH6S7F&lid=LSTACCFNT7HYUUH6S7FBRSUVC&marketplace=FLIPKART&srno=s_3_56&otracker=search&otracker1=search&fm=organic&iid=ec685889-8dd4-43ac-9aff-e92881a2e859.ACCFNT7HYUUH6S7F.SEARCH&ssid=c3zvnytpcg0000001592381525625&qH=21cb4bef2f76b785,"['Suitable For: Mobile', 'Material: Leather', 'Theme: No Theme', 'Type: Wallet Case Cover', ""As Per Flipkart's Replacement / Return / Refund Policy""]",₹699,//img1a.flixcart.com/www/linchpin/fk-cp-zion/img/placeholder_9951d0.svg,
Manasik Rog : Karan Aur Bachav,https://www.flipkart.com//manasik-rog-karan-aur-bachav/p/itmbe1f861d08163?pid=9789383110384&lid=LSTBOK9789383110384LTYHHB&marketplace=FLIPKART&srno=s_3_57&otracker=search&otracker1=search&fm=organic&iid=ec685889-8dd4-43ac-9aff-e92881a2e859.9789383110384.SEARCH&ssid=c3zvnytpcg0000001592381525625&qH=21cb4bef2f76b785,"['Language: Hindi', 'Binding: Hardcover', 'Publisher: Prabhat Prakashan', 'Genre: Law', 'ISBN: 9789383110384, 9789383110384', 'Pages: 124']",₹135,//img1a.flixcart.com/www/linchpin/fk-cp-zion/img/placeholder_9951d0.svg,
D & Y Tempered Glass Guard for Asus ROG Phone II 2,https://www.flipkart.com//d-y-tempered-glass-guard-asus-rog-phone-ii-2/p/itm291924f974c25?pid=ACCFMDEBA855VDGD&lid=LSTACCFMDEBA855VDGDUO85J3&marketplace=FLIPKART&srno=s_3_58&otracker=search&otracker1=search&fm=organic&iid=ec685889-8dd4-43ac-9aff-e92881a2e859.ACCFMDEBA855VDGD.SEARCH&ssid=c3zvnytpcg0000001592381525625&qH=21cb4bef2f76b785,"['Scratch Resistant, Air-bubble Proof, Anti Fingerprint, Anti Reflection', 'Mobile', 'Tempered Glass', 'Removable']",₹299,//img1a.flixcart.com/www/linchpin/fk-cp-zion/img/placeholder_9951d0.svg,3.8
"Aaralhub Back Cover for Asus ROG Phone II, Asus ROG Phone 2",https://www.flipkart.com//aaralhub-back-cover-asus-rog-phone-ii-2/p/itmd0c6e80c7e255?pid=ACCFNGW5QJYYJEZS&lid=LSTACCFNGW5QJYYJEZSHBZTUM&marketplace=FLIPKART&srno=s_3_59&otracker=search&otracker1=search&fm=organic&iid=ec685889-8dd4-43ac-9aff-e92881a2e859.ACCFNGW5QJYYJEZS.SEARCH&ssid=c3zvnytpcg0000001592381525625&qH=21cb4bef2f76b785,"['Suitable For: Mobile', 'Material: Rubber, Plastic', 'Theme: No Theme', 'Type: Back Cover']",₹209,//img1a.flixcart.com/www/linchpin/fk-cp-zion/img/placeholder_9951d0.svg,
Asus ROG Strix G Core i7 9th Gen - (16 GB/512 GB SSD/Windows 10 Home/4 GB Graphics/NVIDIA Geforce GTX ...,https://www.flipkart.com//asus-rog-strix-g-core-i7-9th-gen-16-gb-512-gb-ssd-windows-10-home-4-graphics-nvidia-geforce-gtx-1650-g531gt-al018t-gaming-laptop/p/itmfg9yrvckujfmx?pid=COMFG9YRZSSA3CZF&lid=LSTCOMFG9YRZSSA3CZFHOAXNB&marketplace=FLIPKART&srno=s_3_60&otracker=search&otracker1=search&fm=organic&iid=en_cMznqADbcdG67Sg7KI98MSKaMLu9L%2FBtpPxDnqHlBGjcqd75WajEwVcCXbJfT8oFqHWueFDn385ImRdD3YD1rg%3D%3D&ssid=c3zvnytpcg0000001592381525625&qH=21cb4bef2f76b785,"['120 Hz Refresh Rate- It can display upto 120 frames per second.', 'Intel Core i7 Processor (9th Gen)', '16 GB DDR4 RAM', '64 bit Windows 10 Operating System', '512 GB SSD', '39.62 cm (15.6 inch) Display', '1 Year Limited International Hardware Warranty']","₹81,990",//img1a.flixcart.com/www/linchpin/fk-cp-zion/img/placeholder_9951d0.svg,4.5
"Casewilla Back Cover for Asus ROG Phone II, Asus ROG Phone 2",https://www.flipkart.com//casewilla-back-cover-asus-rog-phone-ii-2/p/itm79ccc2eb84932?pid=ACCFH6J9HHM9HDRB&lid=LSTACCFH6J9HHM9HDRBW0PALW&marketplace=FLIPKART&srno=s_3_61&otracker=search&otracker1=search&fm=organic&iid=ec685889-8dd4-43ac-9aff-e92881a2e859.ACCFH6J9HHM9HDRB.SEARCH&ssid=c3zvnytpcg0000001592381525625&qH=21cb4bef2f76b785,"['Suitable For: Mobile', 'Material: Rubber, Silicon', 'Theme: No Theme', 'Type: Back Cover']",₹179,//img1a.flixcart.com/www/linchpin/fk-cp-zion/img/placeholder_9951d0.svg,4.3
"INDICRAFT Back Cover for Vivo Y81, 1803, Printed",https://www.flipkart.com//indicraft-back-cover-vivo-y81-1803-printed/p/itmfhf5269bhz5q7?pid=ACCFHEEBX2CVNGYX&lid=LSTACCFHEEBX2CVNGYXCJ7FAH&marketplace=FLIPKART&srno=s_3_62&otracker=search&otracker1=search&fm=organic&iid=ec685889-8dd4-43ac-9aff-e92881a2e859.ACCFHEEBX2CVNGYX.SEARCH&ssid=c3zvnytpcg0000001592381525625&qH=21cb4bef2f76b785,"['Suitable For: Mobile', 'Material: Plastic', 'Theme: 3D/Hologram', 'Type: Back Cover']",₹248,//img1a.flixcart.com/www/linchpin/fk-cp-zion/img/placeholder_9951d0.svg,
Rapoo V110 Wired USB Gaming Keyboard,https://www.flipkart.com//rapoo-v110-wired-usb-gaming-keyboard/p/itmezwfnyybxxp8a?pid=ACCEZWFMC33GPUNR&lid=LSTACCEZWFMC33GPUNRWZ9XXV&marketplace=FLIPKART&srno=s_3_63&otracker=search&otracker1=search&fm=organic&iid=ec685889-8dd4-43ac-9aff-e92881a2e859.ACCEZWFMC33GPUNR.SEARCH&ssid=c3zvnytpcg0000001592381525625&qH=21cb4bef2f76b785,"['Size: Standard', 'Interface: Wired USB', '2 Years Warranty']","₹2,802",//img1a.flixcart.com/www/linchpin/fk-cp-zion/img/placeholder_9951d0.svg,4.6
Asus ROG Strix G Core i7 9th Gen - (8 GB/512 GB SSD/Windows 10 Home/4 GB Graphics/NVIDIA Geforce GTX 1...,https://www.flipkart.com//asus-rog-strix-g-core-i7-9th-gen-8-gb-512-gb-ssd-windows-10-home-4-graphics-nvidia-geforce-gtx-1650-g531gt-al017t-gaming-laptop/p/itmfg9ysrxunvedc?pid=COMFG9YRVU3HJG58&lid=LSTCOMFG9YRVU3HJG58GRUBQC&marketplace=FLIPKART&srno=s_3_64&otracker=search&otracker1=search&fm=organic&iid=en_cMznqADbcdG67Sg7KI98MSKaMLu9L%2FBtpPxDnqHlBGjPdIcd7ixZaHSdUVKs%2BTnYMWYdhowGqQcisoPPk%2FUunQ%3D%3D&ssid=c3zvnytpcg0000001592381525625&qH=21cb4bef2f76b785,"['120 Hz Refresh Rate- It can display upto 120 frames per second.', 'Intel Core i7 Processor (9th Gen)', '8 GB DDR4 RAM', '64 bit Windows 10 Operating System', '512 GB SSD', '39.62 cm (15.6 inch) Display', '1 Year Limited International Hardware Warranty']","₹79,990",//img1a.flixcart.com/www/linchpin/fk-cp-zion/img/placeholder_9951d0.svg,4.6
Armaggeddon HAVOC-2-S-SOVIETS Wired Optical  Gaming Mouse,https://www.flipkart.com//armaggeddon-havoc-2-s-soviets-wired-optical-gaming-mouse/p/itmad41a7c156686?pid=ACCFBB88AKRQGY7N&lid=LSTACCFBB88AKRQGY7NOZPGO3&marketplace=FLIPKART&srno=s_3_65&otracker=search&otracker1=search&fm=organic&iid=ec685889-8dd4-43ac-9aff-e92881a2e859.ACCFBB88AKRQGY7N.SEARCH&ssid=c3zvnytpcg0000001592381525625&qH=21cb4bef2f76b785,"['Wired', 'For Gaming', 'Interface: USB 2.0', 'Optical Mouse']","₹1,124",//img1a.flixcart.com/www/linchpin/fk-cp-zion/img/placeholder_9951d0.svg,
TechGear Wired optical USB Mouse for Laptop Computer PC Wired Optical  Gaming Mouse,https://www.flipkart.com//techgear-wired-optical-usb-mouse-laptop-computer-pc-gaming/p/itmf9j9rky6pfvp4?pid=ACCF9GFRBQVGF4J4&lid=LSTACCF9GFRBQVGF4J43P3P6K&marketplace=FLIPKART&srno=s_3_66&otracker=search&otracker1=search&fm=organic&iid=ec685889-8dd4-43ac-9aff-e92881a2e859.ACCF9GFRBQVGF4J4.SEARCH&ssid=c3zvnytpcg0000001592381525625&qH=21cb4bef2f76b785,"['Wired', 'For Gaming', 'Interface: USB 2.0', 'Optical Mouse', '1 Month Warranty']",₹349,//img1a.flixcart.com/www/linchpin/fk-cp-zion/img/placeholder_9951d0.svg,
"INDICRAFT Back Cover for Vivo Y12, 1904, Rog, Printed",https://www.flipkart.com//indicraft-back-cover-vivo-y12-1904-rog-printed/p/itmad1d9248d8fba?pid=ACCFHBHBKD7HBRPT&lid=LSTACCFHBHBKD7HBRPTKDQDBV&marketplace=FLIPKART&srno=s_3_67&otracker=search&otracker1=search&fm=organic&iid=ec685889-8dd4-43ac-9aff-e92881a2e859.ACCFHBHBKD7HBRPT.SEARCH&ssid=c3zvnytpcg0000001592381525625&qH=21cb4bef2f76b785,"['Suitable For: Mobile', 'Material: Plastic', 'Theme: Patterns', 'Type: Back Cover']",₹248,//img1a.flixcart.com/www/linchpin/fk-cp-zion/img/placeholder_9951d0.svg,
Saco Superfit 7 inch Universal Wired USB Tablet Keyboard,https://www.flipkart.com//saco-superfit-7-inch-universal-wired-usb-tablet-keyboard/p/itmefcvhyvgtcfug?pid=ACCEFCVHB5RGUAYH&lid=LSTACCEFCVHB5RGUAYHLPSDLR&marketplace=FLIPKART&srno=s_3_68&otracker=search&otracker1=search&fm=organic&iid=ec685889-8dd4-43ac-9aff-e92881a2e859.ACCEFCVHB5RGUAYH.SEARCH&ssid=c3zvnytpcg0000001592381525625&qH=21cb4bef2f76b785,"['Case Material: Artificial Leather', 'Interface: Wired USB']",₹520,//img1a.flixcart.com/www/linchpin/fk-cp-zion/img/placeholder_9951d0.svg,3.9
Yog Dwara Hriday Rog Se Mukti,https://www.flipkart.com//yog-dwara-hriday-rog-se-mukti/p/itme86nvzhrpptav?pid=9789351656579&lid=LSTBOK9789351656579XPC0UN&marketplace=FLIPKART&srno=s_3_69&otracker=search&otracker1=search&fm=organic&iid=ec685889-8dd4-43ac-9aff-e92881a2e859.9789351656579.SEARCH&ssid=c3zvnytpcg0000001592381525625&qH=21cb4bef2f76b785,"['Language: Hindi', 'Binding: Paperback', 'Publisher: Diamond Pocket Books', 'Genre: Children', 'ISBN: 9789351656579, 9351656578', 'Edition: 1, 2015', 'Pages: 224']",₹250,//img1a.flixcart.com/www/linchpin/fk-cp-zion/img/placeholder_9951d0.svg,4.5
Asus Cerberus Mouse Wired Optical  Gaming Mouse,https://www.flipkart.com//asus-cerberus-mouse-wired-optical-gaming/p/itmfbswgsmbpkuwg?pid=ACCFBSWGYRCGRFFQ&lid=LSTACCFBSWGYRCGRFFQT7O2AI&marketplace=FLIPKART&srno=s_3_70&otracker=search&otracker1=search&fm=organic&iid=ec685889-8dd4-43ac-9aff-e92881a2e859.ACCFBSWGYRCGRFFQ.SEARCH&ssid=c3zvnytpcg0000001592381525625&qH=21cb4bef2f76b785,"['Wired', 'For Gaming', 'Interface: USB 2.0', 'Optical Mouse', '2500 DPI, 6 buttons, 4 DPI stages with LED indicator', '4 customizable DPI buttons', 'Ambidextrous shape for both right and left handed gamers', 'Rubberized side grips', '1 Year Domestic Warranty']","₹1,849",//img1a.flixcart.com/www/linchpin/fk-cp-zion/img/placeholder_9951d0.svg,4.5
"Sprig Tempered Glass Guard for Asus ROG 2, Asus ROG Phone II",https://www.flipkart.com//sprig-tempered-glass-guard-asus-rog-2-phone-ii/p/itmb56a49c1b5547?pid=ACCFNFHWXQJZTVJ4&lid=LSTACCFNFHWXQJZTVJ4AT0NHX&marketplace=FLIPKART&srno=s_3_71&otracker=search&otracker1=search&fm=organic&iid=ec685889-8dd4-43ac-9aff-e92881a2e859.ACCFNFHWXQJZTVJ4.SEARCH&ssid=c3zvnytpcg0000001592381525625&qH=21cb4bef2f76b785,"['Scratch Resistant, Anti Glare, 3D Screen Guard, Anti Fingerprint', 'Mobile', 'Tempered Glass', 'Removable', '30 days free replacement warranty support, subject to below kindly refer to our website http://sprig.store/pages/warranty']",₹299,//img1a.flixcart.com/www/linchpin/fk-cp-zion/img/placeholder_9951d0.svg,3.7
Pirum Pouch for Asus ROG Phone ZS600KL,https://www.flipkart.com//pirum-pouch-asus-rog-phone-zs600kl/p/itmbe830bd5d5ba3?pid=ACCFMFZ2YWCANEHM&lid=LSTACCFMFZ2YWCANEHMQZREFM&marketplace=FLIPKART&srno=s_3_72&otracker=search&otracker1=search&fm=organic&iid=ec685889-8dd4-43ac-9aff-e92881a2e859.ACCFMFZ2YWCANEHM.SEARCH&ssid=c3zvnytpcg0000001592381525625&qH=21cb4bef2f76b785,"['Suitable For: Mobile', 'Material: Leather', 'Theme: No Theme', 'Type: Pouch', ""As Per Flipkart's Replacement / Return / Refund Policy""]","₹1,499",//img1a.flixcart.com/www/linchpin/fk-cp-zion/img/placeholder_9951d0.svg,
"INDICRAFT Back Cover for Asus ZenFone Max Pro M2, Rog, Printed",https://www.flipkart.com//indicraft-back-cover-asus-zenfone-max-pro-m2-rog-printed/p/itm7c65193647720?pid=ACCFHYSZRRQKD8FC&lid=LSTACCFHYSZRRQKD8FCNFAXGP&marketplace=FLIPKART&srno=s_5_97&otracker=search&otracker1=search&fm=organic&iid=c8c3e398-e9c8-4cd0-9724-689bff46862b.ACCFHYSZRRQKD8FC.SEARCH&ssid=sqry0glhwg0000001592381534452&qH=21cb4bef2f76b785,"['Suitable For: Mobile', 'Material: Plastic', 'Theme: Patterns', 'Type: Back Cover']",₹248,https://rukminim1.flixcart.com/image/312/312/k2nmaa80/cases-covers/back-cover/8/f/c/indicraft-zb630kl-4j002in-rog-0425-original-imafhysrnea3tfjg.jpeg?q=70,
Sangria Women Embroidered Anarkali Kurta,https://www.flipkart.com//sangria-women-embroidered-anarkali-kurta/p/itmbd939266ee0f4?pid=KTAFGD4YX6UHSPZF&lid=LSTKTAFGD4YX6UHSPZFBTIRF8&marketplace=FLIPKART&srno=s_5_98&otracker=search&otracker1=search&fm=organic&iid=c8c3e398-e9c8-4cd0-9724-689bff46862b.KTAFGD4YX6UHSPZF.SEARCH&ssid=sqry0glhwg0000001592381534452&qH=21cb4bef2f76b785,"['Fabric: Viscose', 'Occasion: Festive & Party', 'Pattern: Embroidered', 'Color: Maroon', 'Sleeve Length: Half Sleeve', 'Style: Anarkali', 'Sleeve Style: Regular Sleeves']","₹1,949",https://rukminim1.flixcart.com/image/312/312/jyyqc280/kurta/f/c/r/m-8350095-sangria-original-imafj2jtkeyjmhhv.jpeg?q=70,2.6
"INDICRAFT Back Cover for Vivo Y19 / Vivo 1915 ROG, GALAXY, BLUE, RED, STOCK, RAIN DROPS",https://www.flipkart.com//indicraft-back-cover-vivo-y19-1915-rog-galaxy-blue-red-stock-rain-drops/p/itm28b96762ab5d3?pid=ACCFPFYSSPX89WN9&lid=LSTACCFPFYSSPX89WN9XLAGOQ&marketplace=FLIPKART&srno=s_5_99&otracker=search&otracker1=search&fm=organic&iid=c8c3e398-e9c8-4cd0-9724-689bff46862b.ACCFPFYSSPX89WN9.SEARCH&ssid=sqry0glhwg0000001592381534452&qH=21cb4bef2f76b785,"['Suitable For: Mobile', 'Material: Plastic', 'Theme: Patterns', 'Type: Back Cover']",₹248,https://rukminim1.flixcart.com/image/312/312/k73nlow0/cases-covers/back-cover/w/n/9/indicraft-1915-pd1934f-ex-rog-0425-original-imafpfysdauhgnyu.jpeg?q=70,
Asus ROG Strix G Core i7 9th Gen - (8 GB/1 TB HDD/256 GB SSD/Windows 10 Home/4 GB Graphics/NVIDIA Gefo...,https://www.flipkart.com//asus-rog-strix-g-core-i7-9th-gen-8-gb-1-tb-hdd-256-gb-ssd-windows-10-home-4-graphics-nvidia-geforce-gtx-1650-g531gt-al030t-gaming-laptop/p/itmfg9yrxqepkhjh?pid=COMFG9YR8TJNXPED&lid=LSTCOMFG9YR8TJNXPEDDDMUPH&marketplace=FLIPKART&srno=s_5_100&otracker=search&otracker1=search&fm=organic&iid=en_rd9nwrlcpptRInyuhu4iF%2FImFQgUnJK2pBe%2BqPoK7Qx6TnEYN6bE5YOsSQQ%2FzaZ1q9SQXfxlUeNFVumztTKJhA%3D%3D&ssid=sqry0glhwg0000001592381534452&qH=21cb4bef2f76b785,"['120 Hz Refresh Rate- It can display upto 120 frames per second.', 'Intel Core i7 Processor (9th Gen)', '8 GB DDR4 RAM', '64 bit Windows 10 Operating System', '1 TB HDD|256 GB SSD', '39.62 cm (15.6 inch) Display', '1 Year Limited International Hardware Warranty']","₹81,990",https://rukminim1.flixcart.com/image/312/312/k6b2snk0/computer/p/e/d/asus-na-gaming-laptop-original-imafggytk5twybmv.jpeg?q=70,4.6
"INDICRAFT Back Cover for OPPO A7/CPH1901, Printed",https://www.flipkart.com//indicraft-back-cover-oppo-a7-cph1901-printed/p/itmfhzg7gxrfkchd?pid=ACCFHZG2YHHVF95P&lid=LSTACCFHZG2YHHVF95PP53UVK&marketplace=FLIPKART&srno=s_5_101&otracker=search&otracker1=search&fm=organic&iid=c8c3e398-e9c8-4cd0-9724-689bff46862b.ACCFHZG2YHHVF95P.SEARCH&ssid=sqry0glhwg0000001592381534452&qH=21cb4bef2f76b785,"['Suitable For: Mobile', 'Material: Plastic', 'Theme: Patterns', 'Type: Back Cover']",₹248,//img1a.flixcart.com/www/linchpin/fk-cp-zion/img/placeholder_9951d0.svg,
INDICRAFT Back Cover for Apple iPhone 6s,https://www.flipkart.com//indicraft-back-cover-apple-iphone-6s/p/itmfh8c93tkngxku?pid=ACCFH8C9YY4FQYYY&lid=LSTACCFH8C9YY4FQYYYZQNPP4&marketplace=FLIPKART&srno=s_5_102&otracker=search&otracker1=search&fm=organic&iid=c8c3e398-e9c8-4cd0-9724-689bff46862b.ACCFH8C9YY4FQYYY.SEARCH&ssid=sqry0glhwg0000001592381534452&qH=21cb4bef2f76b785,"['Suitable For: Mobile', 'Material: Plastic', 'Theme: Patterns', 'Type: Back Cover']",₹248,//img1a.flixcart.com/www/linchpin/fk-cp-zion/img/placeholder_9951d0.svg,
"INDICRAFT Back Cover for Realme 5 Pro / RMX1971 ROG, GALAXY, BLUE, RED, STOCK, RAIN DROPS",https://www.flipkart.com//indicraft-back-cover-realme-5-pro-rmx1971-rog-galaxy-blue-red-stock-rain-drops/p/itm62d56a15343b4?pid=ACCFP8MGFPNHPZK6&lid=LSTACCFP8MGFPNHPZK6DQCI4Q&marketplace=FLIPKART&srno=s_5_103&otracker=search&otracker1=search&fm=organic&iid=c8c3e398-e9c8-4cd0-9724-689bff46862b.ACCFP8MGFPNHPZK6.SEARCH&ssid=sqry0glhwg0000001592381534452&qH=21cb4bef2f76b785,"['Suitable For: Mobile', 'Material: Plastic', 'Theme: Patterns', 'Type: Back Cover']",₹248,//img1a.flixcart.com/www/linchpin/fk-cp-zion/img/placeholder_9951d0.svg,
Asus ROG Strix G Core i5 9th Gen - (8 GB/1 TB HDD/256 GB SSD/Windows 10 Home/4 GB Graphics/NVIDIA Gefo...,https://www.flipkart.com//asus-rog-strix-g-core-i5-9th-gen-8-gb-1-tb-hdd-256-gb-ssd-windows-10-home-4-graphics-nvidia-geforce-gtx-1650-g531gt-bq024t-gaming-laptop/p/itmfg9yrrazqt7dk?pid=COMFG9YREHZ9VBKH&lid=LSTCOMFG9YREHZ9VBKH8WVPW9&marketplace=FLIPKART&srno=s_5_104&otracker=search&otracker1=search&fm=organic&iid=en_rd9nwrlcpptRInyuhu4iF%2FImFQgUnJK2pBe%2BqPoK7Qzy%2FQozXI6pX1Ac6jYouFjxiH5A3YlnzlLNRCncD6MHFg%3D%3D&ssid=sqry0glhwg0000001592381534452&qH=21cb4bef2f76b785,"['60 Hz Refresh Rate- It can display upto 60 frames per second.', 'Intel Core i5 Processor (9th Gen)', '8 GB DDR4 RAM', '64 bit Windows 10 Operating System', '1 TB HDD|256 GB SSD', '39.62 cm (15.6 inch) Display', '1 Year Limited International Hardware Warranty']","₹67,990",//img1a.flixcart.com/www/linchpin/fk-cp-zion/img/placeholder_9951d0.svg,4.6
"INDICRAFT Back Cover for Vivo U20 ROG, GALAXY, BLUE, RED, STOCK, RAIN DROPS",https://www.flipkart.com//indicraft-back-cover-vivo-u20-rog-galaxy-blue-red-stock-rain-drops/p/itmb018f22fcd030?pid=ACCFPFFFHGFYTVJZ&lid=LSTACCFPFFFHGFYTVJZCOU3HR&marketplace=FLIPKART&srno=s_5_105&otracker=search&otracker1=search&fm=organic&iid=c8c3e398-e9c8-4cd0-9724-689bff46862b.ACCFPFFFHGFYTVJZ.SEARCH&ssid=sqry0glhwg0000001592381534452&qH=21cb4bef2f76b785,"['Suitable For: Mobile', 'Material: Plastic', 'Theme: Patterns', 'Type: Back Cover']",₹248,//img1a.flixcart.com/www/linchpin/fk-cp-zion/img/placeholder_9951d0.svg,
"INDICRAFT Back Cover for Realme 5i / RMX2030 ROG, GALAXY, BLUE, RED, STOCK, RAIN DROPS",https://www.flipkart.com//indicraft-back-cover-realme-5i-rmx2030-rog-galaxy-blue-red-stock-rain-drops/p/itm17185ff3f9f03?pid=ACCFP3YF5CDNBZTC&lid=LSTACCFP3YF5CDNBZTCF1HUKP&marketplace=FLIPKART&srno=s_5_106&otracker=search&otracker1=search&fm=organic&iid=c8c3e398-e9c8-4cd0-9724-689bff46862b.ACCFP3YF5CDNBZTC.SEARCH&ssid=sqry0glhwg0000001592381534452&qH=21cb4bef2f76b785,"['Suitable For: Mobile', 'Material: Plastic', 'Theme: Patterns', 'Type: Back Cover']",₹248,//img1a.flixcart.com/www/linchpin/fk-cp-zion/img/placeholder_9951d0.svg,
"INDICRAFT Back Cover for OPPO A9, CPH1938, Rog, Printed",https://www.flipkart.com//indicraft-back-cover-oppo-a9-cph1938-rog-printed/p/itm31d9aaac6456b?pid=ACCFH8XH3D6WNCYV&lid=LSTACCFH8XH3D6WNCYVSAALLE&marketplace=FLIPKART&srno=s_5_107&otracker=search&otracker1=search&fm=organic&iid=c8c3e398-e9c8-4cd0-9724-689bff46862b.ACCFH8XH3D6WNCYV.SEARCH&ssid=sqry0glhwg0000001592381534452&qH=21cb4bef2f76b785,"['Suitable For: Mobile', 'Material: Plastic', 'Theme: Patterns', 'Type: Back Cover']",₹248,//img1a.flixcart.com/www/linchpin/fk-cp-zion/img/placeholder_9951d0.svg,
"INDICRAFT Back Cover for Realme 3 Pro, RMX1851, Rog, Printed",https://www.flipkart.com//indicraft-back-cover-realme-3-pro-rmx1851-rog-printed/p/itm9ac6edf19a812?pid=ACCFJA4333BYGSAG&lid=LSTACCFJA4333BYGSAGQV2VGT&marketplace=FLIPKART&srno=s_5_108&otracker=search&otracker1=search&fm=organic&iid=c8c3e398-e9c8-4cd0-9724-689bff46862b.ACCFJA4333BYGSAG.SEARCH&ssid=sqry0glhwg0000001592381534452&qH=21cb4bef2f76b785,"['Suitable For: Mobile', 'Material: Plastic', 'Theme: Patterns', 'Type: Back Cover']",₹248,//img1a.flixcart.com/www/linchpin/fk-cp-zion/img/placeholder_9951d0.svg,
"INDICRAFT Back Cover for Redmi K20 Pro, Rog, Printed",https://www.flipkart.com//indicraft-back-cover-redmi-k20-pro-rog-printed/p/itm9f54156d004ee?pid=ACCFKDYTHHT8ZACA&lid=LSTACCFKDYTHHT8ZACAPAAFSU&marketplace=FLIPKART&srno=s_5_109&otracker=search&otracker1=search&fm=organic&iid=c8c3e398-e9c8-4cd0-9724-689bff46862b.ACCFKDYTHHT8ZACA.SEARCH&ssid=sqry0glhwg0000001592381534452&qH=21cb4bef2f76b785,"['Suitable For: Mobile', 'Material: Plastic', 'Theme: Patterns', 'Type: Back Cover']",₹248,//img1a.flixcart.com/www/linchpin/fk-cp-zion/img/placeholder_9951d0.svg,
Asus ROG Strix G Core i7 9th Gen - (16 GB/512 GB SSD/Windows 10 Home/4 GB Graphics/NVIDIA Geforce GTX ...,https://www.flipkart.com//asus-rog-strix-g-core-i7-9th-gen-16-gb-512-gb-ssd-windows-10-home-4-graphics-nvidia-geforce-gtx-1650-g531gt-al018t-gaming-laptop/p/itmfg9yrvckujfmx?pid=COMFG9YRZSSA3CZF&lid=LSTCOMFG9YRZSSA3CZFHOAXNB&marketplace=FLIPKART&srno=s_5_110&otracker=search&otracker1=search&fm=organic&iid=en_rd9nwrlcpptRInyuhu4iF%2FImFQgUnJK2pBe%2BqPoK7Qz50PYnbl5K77YF7VThkrjsqHWueFDn385ImRdD3YD1rg%3D%3D&ssid=sqry0glhwg0000001592381534452&qH=21cb4bef2f76b785,"['120 Hz Refresh Rate- It can display upto 120 frames per second.', 'Intel Core i7 Processor (9th Gen)', '16 GB DDR4 RAM', '64 bit Windows 10 Operating System', '512 GB SSD', '39.62 cm (15.6 inch) Display', '1 Year Limited International Hardware Warranty']","₹81,990",//img1a.flixcart.com/www/linchpin/fk-cp-zion/img/placeholder_9951d0.svg,4.5
"INDICRAFT Back Cover for Realme 5s / RMX1925 ROG, GALAXY, BLUE, RED, STOCK, RAIN DROPS",https://www.flipkart.com//indicraft-back-cover-realme-5s-rmx1925-rog-galaxy-blue-red-stock-rain-drops/p/itm910c0d87da95d?pid=ACCFP43HGBK68T58&lid=LSTACCFP43HGBK68T58JGAPPO&marketplace=FLIPKART&srno=s_5_111&otracker=search&otracker1=search&fm=organic&iid=c8c3e398-e9c8-4cd0-9724-689bff46862b.ACCFP43HGBK68T58.SEARCH&ssid=sqry0glhwg0000001592381534452&qH=21cb4bef2f76b785,"['Suitable For: Mobile', 'Material: Plastic', 'Theme: Patterns', 'Type: Back Cover']",₹248,//img1a.flixcart.com/www/linchpin/fk-cp-zion/img/placeholder_9951d0.svg,
"INDICRAFT Back Cover for Vivo Y91i, 1820, Rog, Printed",https://www.flipkart.com//indicraft-back-cover-vivo-y91i-1820-rog-printed/p/itme7f319a1f3fca?pid=ACCFKDF5HZXV7PZS&lid=LSTACCFKDF5HZXV7PZSXWRRXL&marketplace=FLIPKART&srno=s_5_112&otracker=search&otracker1=search&fm=organic&iid=c8c3e398-e9c8-4cd0-9724-689bff46862b.ACCFKDF5HZXV7PZS.SEARCH&ssid=sqry0glhwg0000001592381534452&qH=21cb4bef2f76b785,"['Suitable For: Mobile', 'Material: Plastic', 'Theme: Patterns', 'Type: Back Cover']",₹248,//img1a.flixcart.com/www/linchpin/fk-cp-zion/img/placeholder_9951d0.svg,
"INDICRAFT Back Cover for Mi Redmi 7, Rog, Printed",https://www.flipkart.com//indicraft-back-cover-mi-redmi-7-rog-printed/p/itm2e41c4a8d2223?pid=ACCFJ7EQTVJZWGJS&lid=LSTACCFJ7EQTVJZWGJS0ZRLYD&marketplace=FLIPKART&srno=s_5_113&otracker=search&otracker1=search&fm=organic&iid=c8c3e398-e9c8-4cd0-9724-689bff46862b.ACCFJ7EQTVJZWGJS.SEARCH&ssid=sqry0glhwg0000001592381534452&qH=21cb4bef2f76b785,"['Suitable For: Mobile', 'Material: Plastic', 'Theme: Patterns', 'Type: Back Cover']",₹248,//img1a.flixcart.com/www/linchpin/fk-cp-zion/img/placeholder_9951d0.svg,
Asus ROG Strix G Core i7 9th Gen - (8 GB/512 GB SSD/Windows 10 Home/4 GB Graphics/NVIDIA Geforce GTX 1...,https://www.flipkart.com//asus-rog-strix-g-core-i7-9th-gen-8-gb-512-gb-ssd-windows-10-home-4-graphics-nvidia-geforce-gtx-1650-g531gt-al017t-gaming-laptop/p/itmfg9ysrxunvedc?pid=COMFG9YRVU3HJG58&lid=LSTCOMFG9YRVU3HJG58GRUBQC&marketplace=FLIPKART&srno=s_5_114&otracker=search&otracker1=search&fm=organic&iid=en_rd9nwrlcpptRInyuhu4iF%2FImFQgUnJK2pBe%2BqPoK7QxYa%2BC3U7qaHtmijlUtS0rYMWYdhowGqQcisoPPk%2FUunQ%3D%3D&ssid=sqry0glhwg0000001592381534452&qH=21cb4bef2f76b785,"['120 Hz Refresh Rate- It can display upto 120 frames per second.', 'Intel Core i7 Processor (9th Gen)', '8 GB DDR4 RAM', '64 bit Windows 10 Operating System', '512 GB SSD', '39.62 cm (15.6 inch) Display', '1 Year Limited International Hardware Warranty']","₹79,990",//img1a.flixcart.com/www/linchpin/fk-cp-zion/img/placeholder_9951d0.svg,4.6
"INDICRAFT Back Cover for Mi A3, Rog, Printed",https://www.flipkart.com//indicraft-back-cover-mi-a3-rog-printed/p/itmaf72df3d121a1?pid=ACCFM6JJWAKKCWPG&lid=LSTACCFM6JJWAKKCWPGYCRSMO&marketplace=FLIPKART&srno=s_5_115&otracker=search&otracker1=search&fm=organic&iid=c8c3e398-e9c8-4cd0-9724-689bff46862b.ACCFM6JJWAKKCWPG.SEARCH&ssid=sqry0glhwg0000001592381534452&qH=21cb4bef2f76b785,"['Suitable For: Mobile', 'Material: Plastic', 'Theme: Patterns', 'Type: Back Cover']",₹248,//img1a.flixcart.com/www/linchpin/fk-cp-zion/img/placeholder_9951d0.svg,
"INDICRAFT Back Cover for Samsung Galaxy M20, Rog, Printed",https://www.flipkart.com//indicraft-back-cover-samsung-galaxy-m20-rog-printed/p/itm4b089dbc56120?pid=ACCFHXNHXWZE4ZGK&lid=LSTACCFHXNHXWZE4ZGKLI4OPV&marketplace=FLIPKART&srno=s_5_116&otracker=search&otracker1=search&fm=organic&iid=c8c3e398-e9c8-4cd0-9724-689bff46862b.ACCFHXNHXWZE4ZGK.SEARCH&ssid=sqry0glhwg0000001592381534452&qH=21cb4bef2f76b785,"['Suitable For: Mobile', 'Material: Plastic', 'Theme: Patterns', 'Type: Back Cover']",₹248,//img1a.flixcart.com/www/linchpin/fk-cp-zion/img/placeholder_9951d0.svg,
"INDICRAFT Back Cover for Samsung Galaxy M10, Rog, Printed",https://www.flipkart.com//indicraft-back-cover-samsung-galaxy-m10-rog-printed/p/itm653a7b3ff6b4e?pid=ACCFJ8MZDEUCSEET&lid=LSTACCFJ8MZDEUCSEETCCFZET&marketplace=FLIPKART&srno=s_5_117&otracker=search&otracker1=search&fm=organic&iid=c8c3e398-e9c8-4cd0-9724-689bff46862b.ACCFJ8MZDEUCSEET.SEARCH&ssid=sqry0glhwg0000001592381534452&qH=21cb4bef2f76b785,"['Suitable For: Mobile', 'Material: Plastic', 'Theme: Patterns', 'Type: Back Cover']",₹248,//img1a.flixcart.com/www/linchpin/fk-cp-zion/img/placeholder_9951d0.svg,
"INDICRAFT Back Cover for Vivo Y71i, 1801, Rog, Printed",https://www.flipkart.com//indicraft-back-cover-vivo-y71i-1801-rog-printed/p/itmf4d77adcc9d0c?pid=ACCFKKTRZRACBTBA&lid=LSTACCFKKTRZRACBTBA2K1DDY&marketplace=FLIPKART&srno=s_5_118&otracker=search&otracker1=search&fm=organic&iid=c8c3e398-e9c8-4cd0-9724-689bff46862b.ACCFKKTRZRACBTBA.SEARCH&ssid=sqry0glhwg0000001592381534452&qH=21cb4bef2f76b785,"['Suitable For: Mobile', 'Material: Plastic', 'Theme: Patterns', 'Type: Back Cover']",₹248,//img1a.flixcart.com/www/linchpin/fk-cp-zion/img/placeholder_9951d0.svg,
"INDICRAFT Back Cover for Vivo U3 ROG, GALAXY, BLUE, RED, STOCK, RAIN DROPS",https://www.flipkart.com//indicraft-back-cover-vivo-u3-rog-galaxy-blue-red-stock-rain-drops/p/itm065322213042d?pid=ACCFPFSRTQT4VMFB&lid=LSTACCFPFSRTQT4VMFB8SFBPC&marketplace=FLIPKART&srno=s_5_119&otracker=search&otracker1=search&fm=organic&iid=c8c3e398-e9c8-4cd0-9724-689bff46862b.ACCFPFSRTQT4VMFB.SEARCH&ssid=sqry0glhwg0000001592381534452&qH=21cb4bef2f76b785,"['Suitable For: Mobile', 'Material: Plastic', 'Theme: Patterns', 'Type: Back Cover']",₹248,//img1a.flixcart.com/www/linchpin/fk-cp-zion/img/placeholder_9951d0.svg,
"INDICRAFT Back Cover for Oppo Reno, CPH1919, Rog, Printed",https://www.flipkart.com//indicraft-back-cover-oppo-reno-cph1919-rog-printed/p/itm401b42674f2ca?pid=ACCFHW6Q3AP6ZKKN&lid=LSTACCFHW6Q3AP6ZKKNBLMM4D&marketplace=FLIPKART&srno=s_5_120&otracker=search&otracker1=search&fm=organic&iid=c8c3e398-e9c8-4cd0-9724-689bff46862b.ACCFHW6Q3AP6ZKKN.SEARCH&ssid=sqry0glhwg0000001592381534452&qH=21cb4bef2f76b785,"['Suitable For: Mobile', 'Material: Plastic', 'Theme: Patterns', 'Type: Back Cover']",₹248,//img1a.flixcart.com/www/linchpin/fk-cp-zion/img/placeholder_9951d0.svg,
